text,toxic
"У дворі роблять дорогу, починають шуміти о 8-й ранку, але приємно, що нарешті її роблять!!!",0
І знову дві години на прокидання.,0
"Хочу заплющити очі, розплющити - і вже все стало нормально.",0
Ваш ділер годних серіалів приніс вам особливий товар.,0
"Тому він блукає по світу зі світильником, шукає куди приткнутися.",0
А я ж їх більше за м'ясо люблю,0
ЯК ВЗАГАЛІ МОЖНА СУДИТИ ПРО ТАКІ РЕЧІ?,0
"Якщо не думати про певні проблеми, то жити дуже навіть можна.",0
"НАписали, що я допоміг вивчити латину.",0
"найменша сестра принесла, середуща взяла під свою відповідальність. вже три місяці має",0
"Люблю ці всі уловкі мозку: хвилину тому ти розмірковував про Шопенгауера, і ось раптом починаєш наспівувати ""Запахло весной"".",0
По-перше не люблю троянди  По-друге червоні троянди то вульгарщина  По-третє кайфую від цього фото,0
"- Мені, будь ласка, бургер і колу - Молодий чоловіче, ви в бібліотеці!",0
"Ну, це тіпа добре, коли хвалять.",0
"Я не те, щоб фетишист, але я люблю речі, котрі купую.",0
Бо я щось зовсім від новин відвик...,0
"В метро на ескалаторі дєфка фоткає себе, кохану, на айпедик (це я не про себе) 8) *їде на роботу*",0
"Мені кожне 1 вересня, як виклик.",0
"сучасні SSD вже доволі розумні, щоб писати рівномірно і їх вистачає на довго. це у перших моделях були проблеми.",0
"Таня, навчися перекладати таблетки в сумку!",0
"У Медведчука він недавно питав пораду про обивку для меблів, мабуть",0
Тоді потрібно і самій цим не займатися.,0
"Біля філологічного факультету, на лавочці, сидять двоє.",0
"Чемі хатіа самшобло, сахате мтелі квекана (моя ікона — Батьківщина, підіконник — вся країна)",0
І ось нарешті щось годне під'їхало.,0
скоро буду своєю серед чужих))) ахаха,0
"- Знаю, шо ти нічого не хотіла на ДН, але ось тобі малееенький подаруночок!",0
Найсумніша історія в світі: барига пішов продавати страхівки.,0
"Треба було бачити ті фігури, які я виписувала, щоб не розтовкти його об інших пасажирів, поки не сіла.",0
А мальчик навпроти мене наблював повний пакєт і на маму слєгка,0
"Отакий ідіотизм, тому мені й не подобалось =)",0
Привітаєм же запальну Жанну д'Арк - у неї сьогодні дн),0
у мордорі поширила лінк: Flash mob in the Copenhagen Metro.,0
У Кувейті та ОАЕ – винесено тюремні вироки блогерам Twitter,0
"Часто буває, що всередині все одно маленька дівчинка.",0
"У фільмі навіть зими не було, але він здався різдв'яним.",0
"Обіцянки виконую,  тримай...нічого особливого,але рушник вишивала дооовго :",0
"Хіба від різних снобів, які силують себе правільним проізношенієм.",0
"Не привезу тобі ніц з Польщі.	0
Це буде третій підряд у моїй френдстрічці пост про Сьомого сина.	0
Я що запитати хтів у свідків блокади & рєдутів: українських полонених вже всіх відпустили?	0
Люблю йти пішки прохолодними ранками, з рюкзаком за плечима.	0
Тебе не силують зустрічатися з ним.	0
Ой блін,  що ж скаже мама	0
Я собі й дитині купую здебільшого литовську молочку...	0
-Діма, не можна вирішувати проблеми в житті стікерами з телеграму.	0
А тут я поплила від смакоти І вдома бачу виробник-	0
Чувак на Хрещатику мені запальничку подарував) І взагалі постояв з нами про життя поговорив, люблю таке	0
Я в душ, а зранку зроблю домашку.	0
#Львів, у Сколе двіжуха — силовики блокують базу #ПравийСектор.	0
Не люблю коли хтось бере в руки мій телефон	0
Якщо б збрехав, а я цього не люблю, то також би образилися.	0
В мене одне питання: якщо все перманентно херово, як можна взагалі так жити?	0
ех а в мене цей альбом улюблений	0
У вас - зеленая аура"" Гии, зелений - мій улюблений колір :з",0
Федерер обіграв Джоковича в півфіналі Ролан Гарросу!,0
"Шрайк, як завжди, блискучий #апалчєнци",0
"Лейтмотивом выставки стал тезис «Современное искусство как место для селфи».  та інші проблеми, які цікавлять сучасних харківських митців",0
В сучасній психіатрії твердження Ломброзо вважаються хибними.,0
Таня не має цього читати!!!* оу.,0
Да щось актуальне в стрічці промайнуло.,0
колись улюблена пісня) раніше напам'ять знала,0
"Чи вже пояснив ребе, яку високу ціль переслідувало НАБУ прослуховуючи _не_ держслужбовця категорії А?",0
"Карма, Морда, Бомжетта... давай, навчися запам*ятовувати імена всіх їхніх котів. це ж красивіше, ніж просто в обличчя. південь, любов моя",0
"Декламують щось, кричать, напарфумлені араби один одного перекрикують...",0
Мене аж тіпати почало Переживаю дуже #Eurovision,0
Нарізав вам фрагменти вчорашнього ефіру з Мураєвим.,0
"п'ятниця, 15 група на стрілецькому спорті помічає цей нефіговий збіг :)",0
"Чоловік: поки виймав з шафи сіль, картопля на плиті згоріла.",0
"Як, як я могла повірити, що прокляття перетворилося у блаженство?",0
Олександр Деркач: АПОКАЛІПСИС UA,0
"А людей стільки вже, що в мене скоро панічні атаки почнуться від того натовпу.",0
"В стельку-так, але без особливого задоволення від спілкування",0
"Скоро заведу блог ""какой не надо бить женой"" і буду записувати вислови дружини брата. . .",0
Мій патронус - пити багато днів підряд.,0
та шо блін)00) ти он тоже класнінька і нічьо)00,0
Цього разу навіть мої рейкери не витримали — промокли.,0
У тому сні ше фігурував єврейський цвинтар!,0
Бо це так #мімімі Люблю вас  і Саша,0
"Тато: ой прям, це ж не яєшня!",0
А тут чекають щоб прям щяс.,0
"Канєшно плоха шо баріста ушол от мєня, але добре, що тепер можна прийти до нього на мій ідеальний капуч",0
"Ванья, от дєнатурата слєпнут і умірают.",0
В твоїх очах відблиски вогню кличуть сліпим мовчанням безпровідного божевілля,0
Знайомтесь (як каже Roman Sinicyn) - це Книрік.,0
"Співпраця з опініан-лідерами - так, але щоб когось одного...",0
І навіть спростування УГКЦ на мене не подіяло!,0
Взагалі як я не шукала якихось класних гейських сюжетних ліній - ніфіга не знайшла.,0
Новий допис в блозі: «Штати очима українця 2»,0
"Люди діляться на два типи: ті, які люблять зелене яблуко і ті, які люблять червоне.",0
"Заодно вже приблизно знаю, що точно не прийомний.",0
"Ходжу на футбол заради гімну, а сьогодні шось запороли.",0
"Цитую викладача: ""Calling Native Americans ""redskins"" is the same as calling black people ""niggers"".",0
Мій нічний зайчик- мордочку вишию вже вранці.,0
"Заходжу в під'їзд, а там виходять дві жіночки, які наспівують:""Свято наближається, свято наближається"".",0
Подарувати сертифікат на індивідуальний пошив трусів,0
"Вхопила б за чуба, відтягла та й усе.",0
"Все,що пам'ятаю, що Том Круз саєнтолог))",0
Я на підлозі люблю сидіти.,0
погода - блаженство)) (@ Стрийський парк w/ 4 others) http://4,0
"Гаразд, вмирала би, з'їла би снікерс.",0
"З кажним роком різать свині стає трудніше, бо вони кажись еволюціонуют, бо стали якісь розумнішими!",0
"Прийшов і каже: простіть мене, я ж нічого не зламав, чого ви кричите?",0
"бо не люблю ніякий сир, окрім звичайного)",0
"Ото п'ятно на фото то ахрєнєнно прекрасний місяць  Уявіть, ніби і нв фото гарно",0
Тому я пхав їх в різні полиці та в простір між подушками дивану.,0
"люблю свою роботу, ну принаймні одну",0
Тут також діяли Спілка виробників сирих шкір та Спілка ювелірів і годинникарів.,0
Ретвітність полум'яного заклику при 911к читачів феноминальна.,0
"Мій улюблений київський гурт ""Обійми дощу"" випускає новий альбом скоро.",0
"Д: Знаю я шо вам треба, не дам я тобі горілки.",0
От ця дєвачька отримала мендаль.,0
ми вже давно перейшли і не маємо проблем :),0
Стів докірливо дивиться зі стіни сервісного центру...,0
Знову включити друзів і прибрати срач на кухні чи dirty dancing 2 і танцювати?,0
Стала їх знімати - зачепилась ше й рукавицею.,0
"Кожен геній має своїх посередніх інтерпретаторів, які тлумачать його в міру своєї зіпсованості (с)",0
"ні) просто от є в тебе улюблені, а потім вони проттраються між ногами від постійного носіння і всьо.",0
В пориві любові нафоловив нових людей.,0
"Я ж казала, що то профі!",0
мене надихають чужі успіхі (інколи у формі легкої професійної заздрості) та дружній тролінг з мотивуючими підйобами :),0
"Я вибрила потилицю, скроню, зробила септум, змінила житло, дві роботи, кинула палити,",0
"Виганяти з пари за те, що вона озлоблена на них, а ти - ні, - явний перебір...8)",0
те саме можна вже сказати і про ХР (або слабке залізо або не знають як поставити щось сучасніше).,0
"Знайшла купу російських документів, кілька білоруських і навіть один казахський.",0
"Не беру участь, не люблю слухати.",0
"то шось ніфіга не смішно, як я міг переплутати 7 з 23??",0
"Думав затаїти, але взяв і все виклав.",0
"Кажеш ""ну все"" - а вони мовчки блокують вихід і чекають ще.",0
"Ха, а начальника зьерехав мені, що ніхто не йде..",0
Ждем силку на пабліку ми патріоти України,0
Двоє дівчат близнючок по 11 років.,0
"Мені прийшли 1листівка,1браслет,1пара сережок=) і я відправила 2листи =)",0
"з якими я найбільше дружила,була найпристосованіша до життя,а решта ще в облаках літали.ти мудра,образована,обдарована,добра,чесна,",0
"Здається, я дожила до того віку, коли мене збуджує любов і турбота.",0
"Що я тут роблю, нагадайте мені?",0
Ну я так якось підрахував коли ти дістанешся до національного телебачення(Точніше ваша група),0
"Мій новенький планер у відділенні Нової пошти, а я тут - на роботі.",0
Тут відьмацька надчутливість вже навряд чи допоможе.,0
Сучасна франц.соціологія зросла на вивченні кіно і ТБ.,0
"залежить. от якщо кілька подруг готують, то нормас. проблеми в хазяйках різних поколінь",0
Ні так ні - буду пити й розводити ротвейлерів.,0
"Я думала,нічо не відбувається,бо її закрили.",0
"Та по факту, все що виділяє тебе добровільно з прийнятого натовпу робить неформалом)",0
"Особливо, коли в тебе другий день шалена слабкість.",0
Як довго ти дозволятимеш собі залежати від когось?,0
"Облазила центр, навіть в гей-барі було не ок.",0
Він хоч на засідання суду ходить.,0
Прекрасний ранок з улюбленою кавою на улюбленому балконі  Життя прекрасне!,0
заюзала у  афігєнний салатовий лак. настрій одразу вгору пішов),0
Це завжди дуже хвилююче - робити перший запис в новому блокноті.,0
"люблю ті смс, які починаються на ""о 6 в дзизі""",0
"Не люблю домашніх посиденьок ""всією родиною"".",0
"Я вважаю, що так писати - тупо неповага до читача.",0
"Українці загинули у важкодоступному місці, тому їх довго не могли знайти.",0
Посвітив твітером з екрану телесика в темній залі серед десятків інших вогників на ліричній композиції Ілюзій..,0
"Тягне відповісти щось між Ай віш ай куд і Сорі,  хев терібл муд.",0
і зроблять з нього підземний торговий центр,0
Чому Джек не здох?!Пару раз йокнуло.,0
"Не знаю із-за чого, но настроєнія якесь хріноватіньке((",0
- О О О  -Яблучько одно)0)0,0
"Я не говорю з людьми, які висипаються.",0
"Слухаю ""Думаю про тебе"" в навушниках, лежу обоиччям в подушку.",0
"Я думала, що можна обмежитися тупарилими фотками в інста і снепчаті.",0
Пасажири трамвая вмовили водія їхати НЕ ТУДИ.,0
"Роблю зарядку, танцюю . . .і все одно дивлюсь на екран  і сплю :Zzzz",0
"Стою мию посуд під те, як Редкліф читає репчік:DD Мені пороблено:ззз",0
"Блін блін блін Саша, Аня, пам'ятаєте?",0
"Сьогодні пообіцяла зробити прес не 150,а 250.",0
"А під ""Пора домой"" дуже круто бігається,особливо коли її тобі наспівує твій тренер)",0
Їй якась добра душа підказала засіб від усіх хвороб - ...,0
"Повіяло теплом з-за кордону, а одже неодмінно летіти.Не обіцяй,навіщо?",0
Чудову і прекрасну  треба сьогодні вітати з ДН!,0
Бо я макдо люблю тут найбільше серед усіх!!!,0
"Мало того, що стєпуха якогось хера не повишена прийшла, так ше й на 100грн менша, ніж звичайна(",0
"У моїй сумці книга Михайла Пантича про любов, яблуко і фляга з віскі.",0
"Плох той твіттерянин, який не мріє стати (десяти)тисячником.",0
"головне не обманювати пацієнта, але і не пробуджувати страх.",0
"моє улюблене виправдання: ""це було на демотиваторі вконтактє"".",0
"Файна книжка, хоть шкляра й не дуже люблю",0
"Євріт-це не запалиння єврея, це їхня мова.",0
Це ти ще інші його варіації не куштувала.,0
"преміум акаунт грамарлі каже мені шо ""linguistic problems"" це unusual word pair ну рєбят...",0
"Неймовірний трепет всередині, коли він називає мене ""маленька""...",0
"Який колір - рожевий, фіолет, синій, білий, сірий?",0
"Щоб спати під теплою ковдрочкою, угу",0
"ну про хамство ти ніц не казала, ти казала що вони недостатньо швидко (на твою думку) роблять свою роботу",0
"Справжнє усвідомлення того, що ти буха, настає тоді, коли ти розумієш, що замовила костюмчик покоївки та батіг.",0
"Боже, спасибі, що створив небо і землю, і джаз.",0
"  Мене теж часом тяне написати про себе не ""я"", а ""Лесюня"".",0
"Не кИдаю тебе у стіну, не викидАю через вікна геть #лв",0
Найближчі 2 години я буду милий і привітний),0
"просто сьогодні хороший день, щоб нагадати собі, що і за що я люблю",0
а я вам казала що люблю танцювати? я дуууууже люблю танцювати :),0
Не відправляйте мені листівки на стару адресу у Львові.,0
Можна шутити типу 45-45 баба ягодка опять?,0
"І проблема навіть не в прищах, їх майже немає.",0
"Шакопов Олег, сподіваюся тобі її повернуть.",0
"Пів року намагаюсь той некролог знайти, бо всі про нього дуже захоплено розказують.",0
Він чи в першій школі чи в гімназії вчився.,0
"блін, знав би на піцу ше зайшов",0
"На роботі мене накрило, і розболілася голова так, що я ледь не здох.",0
"Трошки ""позитиву"" вам у стрічку.",0
"І типу кажуть, шо все ок, але блін...",0
Ну а що роблять на вечірках ти знаєш),0
блін:( а так би круто було!,0
"В результаті зняв магнітик, а магніт лишився на дошці=/",0
"просто рахуй, що я - твоя серветочка, якій можна поплакати і понити, я завжди вислухаю с:",0
Та кому у мареві дорожнім Я свою тривогу привезу?,0
"#успєх До речі, #раджу усім, хто #ТвіттерБігає фолловити цей мега-аккаунт #ff_ua #ff",0
Вангую таку тему у найближчі дні.,0
"Трохи фігово, але все ж щось)",0
" КОСТИКУ, БУДУ У ЛЬВОВІ ЗАВТРА З 12:00 ДО 20:00 (приблизно) мімімі ",0
Ти в якому варіанті більш любиш?,0
"І ніби й працюється,але якось дивно - на одній роботі робляться завдання з іншої",0
"Ем в дофіга універах, де повний безпрєдєл",0
Ой в тві маніхейством попахує.,0
"У мене є Віттонівська сумка - справжня, не підробка.",0
Правду серед брехні так важко побачити.,0
Чекін на відкритті виставки Юрій Змієборець і святі воїни,0
"Кароч, ви не повірите, але я тут рахуюся за хіпстера.",0
Планую просто почати плакати в примірочних через то шо купа класних речей на мене тупо велика.,0
"Вшарюю, що в неї є ті, хто їй більше подобається.",0
Буває така хвороба: запалення втрачених можливостей?,0
"Прочитати пвд від надзвичайно близької людини, з якою дуже давно не спілкувався.",0
"Він: Привіт, маленька) Теж ти: Сонечко моє",0
яблучно-горіховий штрудель від Журби - кращі ліки від недільної хандри,0
Мої улюблені чоловічі - Carolina Herrera 212 Men,0
"фішка не лише в тілі, тобто у фото, публічне листування то теж не особливо норма,ну в окремих темах звичайно",0
"Сподіваюся, хтось викраде мене та вкладе спати.",0
"я люблю чай,але кава це кава,її чай не замінить))",0
"З Каламойським опускати б країну на гроші, бьіть патрівотом!",0
"RT  Папая, кая і маракуя #np the Вйо - Їдемо в карпати",0
Хоч найбільш люблю сухе чилійське шардоне.,0
У всіх так і так зажди - відповідають  мені оточуючі...,0
"Не встигаю банити читачів, які вскриваються під ""марш"" Сцакашвілі.",0
"ну в мене у руках журнал обліку поточної роботи викладача, суворо аббревіатурка звучить, хоча задатки уже є)))",0
"Ну, і окрема історія з прокладками.",0
Я не можу не заінстаграмити цю малючку-з-книжки-носова.,0
"Я один не шарю, якого хєра щотижня в світових трендах твіттера - Джастін Бібер?",0
"Нє, карочє, блін, ти не понімаєш, куда, цей во.",0
"та, з роками не розумнішаєш ні разу.  далі наступаєш на ті самі граблі, далі відрізаєш сама собі чілку)))",0
"Якшо взяла трубку - у вас праблєми, гаспада.",0
Та я вже біблію шукати почала,0
півдня в поліклініці - ці люди в білому мене вже трохи задовбали =(,0
Океан Ельзи - Я до тебе #playingnow Одна з найулюбленіших!,0
"Як гарно, що вони такi! - теж казкове вiдчуття.",0
"Мене всерйоз заграли люди, які сидять на диванах перед компами і все критикують, бо все, блін, знають.",0
"блін, чого ніхто не сказав мені цього на початку травня, коли я зв'язалась з одним",0
#Одеса вулиця підписана трьома назвами: з імперським гербом - Новорибна з радянським - Чижикова біля тризуба - сучасна назва,0
Кароч дуже ок дивитись засідання київради хоча б один раз.,0
Вдома з їжі тільки морква і мед.,0
Я там на фейсбуці щось опублікувала;),0
Щось в мене забагато планів на найближчі 30 днів,0
"Вiн ворог був, менi його не шкода.	0
старі добрі розваги, написати фігню, а потім шукати який саме з кусків твого коду робить фігню))) Я сам такий))))	0
охохо, багато таких))) а стільки в мене блоків1 ого-го!)))	0
в селі благодійна барахолка на користь біженців - люди серед іншого винесли шапку-будьоновку справжню, з Києва"".",0
"Тобто кінцевими бенефіціарами ""російського сліду"" явно не є ці підлітки.",0
В тій компанії де мене рахують за ніщо.,0
"одного разу вона приходить до злобного блізнєца, а там муж її. і кароч вони тіпа вбити її обоє хотіли.",0
"Ну, хоч би спитали той рецепт!",0
Я сказала про людей з красивими тілами.,0
Чому б і не поспати на роботі.,0
"До речі, дуже неприємне відчуття, коли надщерблюєш зуб.",0
А може і м’яса їсти не треба?,0
"Вночі воно інше, приймає тебе таким який ти є.",0
"До фул хауза бракує національної міліції, національних бригад і національних карабінерів.",0
"Вона пише, що думає, і не париться, що її анфоловлять, коли вона роздає гімна тим, хто його заслужив.",0
Поки всі не почали хейтити  скажу що мені подобається.,0
Хто з вас впізнає цього персонажа? ;),0
Щоб блюванути на холостяка в першій програмі і набрати потім мільйон переглядів на ютубі?..),0
Просто взяв собі з дерева яблуко.,0
ох вже мені ці ваші проблеми з вашими обломами планів Т_Т,0
"От якось їм,і облизуюсь від його смаку)Божественноо",0
"Яка ж я щаслива, що у нас є Черкаси!",0
"Той самой момент, коли реальний корупціонер Мосійчук дає коментарі людяніше і _можливо_ чесніше ніж маладой антикурвапціоньєр Лєщєнко.",0
Лікарі мають виписувати секс замість ліків.,0
"Еля, я тебе люблю, але ти тут надто сувора.",0
"Вже майже забула, які це тортури їхати в ній.",0
"Власне мене постійно ""німєдліна вьійді вон іс класа!""",0
"я посередині, Ната справа, Маша зліва.",0
Курвбль щяс під соточку завалиться ой вей.,0
"Що вже казати про фігуру, якщо хвалю себе, коли з'їдаю лише півкоробки цукерок за раз, а не всю...",0
Ніколи не думала що так полюблю Тві #твіттер_то_є_любов,0
У нас така пішла на іншу кафедру.,0
"в етнодім є чудові чоловічі, особливо чорні і темносині, дарувала - якістю задоволені",0
"Листя перекочувалось від вітру по асфальту, крапав дощ, було вогко і не вже не дуже тепло.",0
"І не тре мені ля-ля про маршрутки, дерева і кровообіг!Гордо!",0
"ооооо, чудова пісня. мабуть найулюбленіша зараз)",0
А то в мене одні п'янки-гулянки останніми днями.,0
Так фігово мені вже давно не було.,0
*я коли читаю твої твіти то уявляю тебе в шапці з великим балабоном. шось тра з цим робить.,0
"Ланцюжки, підвіски і т.д. щоб якісно, красиво і сучасно.",0
Це неможливо) Адже ти вже заблокувала мене,0
"Ще засранцем був, то в Лілеї тусили. :)",0
"Не Лев,а Діва наш відвічний знак, Не гнів,а ніжність наша вічна сила.",0
П'ю гаспачо і відчуваю себе героїнею фільму Альмодовару.,0
"Біжу в рідну гімназію.Спогади!ех,кохання моє шкільне. . .найбомбезнішою парою були. . .",0
"Попри погоду,універ і скривлене обличчя власника Simple замість вітання зі мною,настрій досить життєрадісний.",0
"Чувак праворуч від мене натхненно пише вірш до блокноти, тьолка попереду дує губи та сварить свого мужика ні за що.",0
"Купила собі яблук, вже майже всі з'їла, смачні виявились!",0
"Сміюсь в обличчя тим, хто стверджує, що немає дружби між хлопцем і дівчиною.",0
Через ті крики я скоро гірше захворію.скоро почне око сіпатись,0
"Здається, у колишнього погладшало обличчя АХАХАХА",0
Моя мама - найкраща серед мам.,0
Не вистачає тільки освіжувача повітря із запахом ялинки.,0
Ця розмова між Камерон і Чейзом - один з найулюбленіших моментів Хауса.,0
А ще я тут подумав...скучив за організацією рок-фестів в Козятині.,0
"Зрозуміла, що ніщєброд, коли знайшла 50 гривень в шафі й раділа, як дитина.",0
Мова йшла про команди сусідні ),0
Але каразіна то такий мрак сам по собі.,0
"Момент, коли взнаєш, шо однокласник одружився.",0
Цей вихідний серед тижня вибив мене з колії.,0
На громадський транспорт уже наклеїли оленів і ялини.,0
таня ти сьодні така гарна. на викладачку похожа.,0
Всі оголошення в Хюндаї робляться українською і англійською мовами.,0
Чого ми не можемо дати іздрику нобеля. :(,0
"аммм, як смашно передане.. але замість ретвітити йду на кухню..",0
"хух, виявляється я такий не один... теж люблю на то дивитися))",0
"та. той самий тублєр, там навіть ті баби на тумблєрі лежать)",0
"Якась дівчинка поруч в Маці: -Послідкуйте за речами, я зараз прийду.",0
Щоб у вас на думці не було.,0
"Жостко  Я всього навсього в короткій спідниці вночі в жопі дарницького району  Купа наркоманів, трохи насільніків та тихий ліс)",0
"Ай, ну всьо нафіг, піду обжерусь чимось смачненьким",0
"Всередині прокидається буркотлива бабка, яка хоче цитувати Подерев'янського)",0
А як замужня женщіна кинула то #ойвсьо)),0
"@  2 години як заїхав в Острог - загальна втома, сонливість, регрес психічного стану, різка потреба алкоголю.",0
"Холодно, пальці зменшуються в діаметрі, каблучка спадає.",0
"так я не п'ю її щоб не спати...вона на мене так майже не діє)), а п'ю бо люблю)))",0
Обожнюю коли так (про вічне): - як ти там?,0
"О чуєш,  з днем народження тебе, бро!",0
"там Заноз тобі вже сказав) нє, ясно, шо діло благородне. і тема крута. але мені не по кишені.",0
"Питаю, що вона про це думає, вона: - я не поняла, а ким ти потім будеш?",0
Моя фотка в пабліку про Субару зібрала найбільше лайків.,0
"Я сьогодні така голодна, готова когось з`їсти.",0
З зарплати за вересень дали 700грн.,0
"Аааааа, рєбята, Реал - ПСЖ в 1/8, ну і лігочемпіонівське класіко: Челсі - Барса",0
"Коли бачу як туристи їдять вуличний аджарський хачапурі, серце кров‘ю обливається, то ж таке гееее.",0
я його взагалі не чіпала. і в нас кондиціонер в офісі,0
Батьків та улюблену команду не обирають #fcdk #жизньболь,0
"Люблю, коли я на підсвідомому рівні вільно говорю англійською.",0
ЦЯ ЖЕНЩІНА ЩЕ НЕ В ТАКІ ДЄБРІ ЗАВЕДЕ,0
"Нііііі, я люблю їсти всяку хімічну бяку С:",0
Мажем волоссячко олійками спокійно.А через годину оп- вода крижана.,0
"Ааа, як вони так швидко зникли?",0
"На кожному концерті фронтмен гурту #Бахрома, кожного разу закохує своїм поглядом і бездонно блакитними очима ;)",0
"Головне його не проспати,як я люблю",0
"Всі пороз'їжджалися,  а ми з  лишилися самі на себе.",0
Щороку один залітає в мої кудрі й застряє там )),0
"Не витримала котячих ""шалостєй"" і замочила його.",0
"-ти в рівному?  -так, якраз про тебе сьогодні думала)  -Поїхали десь кататись? -зараз? хештег люблюдаринку",0
RT : [блог]: Твіттер - то є любов! v2.0,0
"відробиш ретвітами постів з блогу, якшо вони будуть :D",0
"Скоро, скоро мій алкоголізм остаточно переможе мою романтичність!",0
Є у женщіни традиція - раз на півроку їсти пельменчики.,0
"RT   збери улюблених твіттерян, зачекінтеся всі десь разом та накорміть справжніх цвіркунів (пташок) ;)",0
ПОПРАВКА - Особисто проїхав Калинівку на трасі Житомир-КиЇв.,0
"Ти, ясна річ, можеш мені це розповідати.	0
Написав твіт від фанаря: +100500 лайків.	0
Сємьончєнко хоче завтра відбити рєдут"" назад.",0
"Почитала стрічку - нині всі про бороди і волохатість щось пишуть, щось в тому є :)",0
"Спочатку Танці з зірками тепеп Хфактор,камон люди,вирубіть той телик або припиніть твітити про це...",0
У мене в стрічці під якимось з останніх твітів.,0
Щойно антивірус новенькому на моб написав: - У вас проблемы!,0
"А наступного дня був кавйор,  і яблуко :D #ifykwim",0
"Не розумію чим я подобаюсь цим мужикам, типа фігури нема, цікава і розумна?",0
" це ж гавнодальдс, та хiма може бути щось приємне?)))",0
", ох,якось одразу згадала про всі свої невдалі рішення за останні кілька років.)Постараюсь і фігурально, і буквально менше падати.)",0
"Але він нормальний, після себе прибере.",0
"Ти не трахнеш дівчину, якщо не можеш підтримати розмову про постмодерну літературу.",0
"Так харить фраза ""Усіх грошей на той світ не візьмеш"".",0
Втикати втіхаря на роботі на фоточки мордочки - мотивує до плідного робочого дня.,0
А я ще декілька років тому не могла сюжет второпати.,0
Ніхто не хоче поштрикати в мене голкою?,0
"У мене в квартирі такий срач, а я сиджу і нию за хлопцем.",0
І я також підсміхуюся у вус,0
І знаєте шо? нафіг таку романтику!,0
Відкриваю набір на курси невербальної комунікації.,0
А в кого це тут шлунок болить?,0
"Правда ж, ?) . . .",0
"У Києві #львівінг - снігу вище коліна, нагрібла повні чоботи.",0
"Англія, бляха, ввалила розладу в Европу.",0
"Дивлюсь ""Как приручить дракона 2"" і розумію, що мультики вже давно роблять не для дітей.",0
Але пересування твоє і так обмеженим буде.,0
"Вулиця Леніна - так, це проблема.",0
Мабуть треба до них з дитинства звикнути:) хоча я і банани не люблю,0
"Подивилася на верх і така жуючи: ага, ну блін, мені тут вже нра (нє).",0
"Не обіцяй,не треба.Залежить час найближчий,та не завжди від тебе.",0
"цікаво, якби був подібний сервіс, зроблений в Україні, чи міністр закордонний справ записав би для нього відео?",0
ножиці в руки - і проблема рішається,0
"не обіцяю, хоча спеціально на такі випадки завів професійний бложик  //",0
"Міські домашні улюбленці постійно їхали на село, тому вони дауншифтери ще до тренду.",0
"Бо я зранку казав купити туалетний папір, а ти не почула!",0
Ну і в мене одна з найкращих подруг - близнюк.,0
"Всіх люблять, всіх обнімають, дуже чемні, виховані і пишуть літературною українською",0
"вишні, огірочки, спаржа, морква, мій улюблений базилік і багато зеленушки)))) #yiiiiiiiiii",0
"Були на спектаклі по мотивах класичної трагедії Софокла ""Цар Едіп"".",0
"Горотдьські, харош вітписуватьця!Ви чо?Страх божий потірали?",0
"Like listen Linda, прийми комплімент і закрийся.",0
Треба заново вчитися їздити на велосипеді.,0
"Ну ось в моїй роботі є і улюблені моменти,які приносять задоволення.",0
Я вділа улюблену косуху і мені в Ніцше харааааашооо,0
а я з Литвиновою люблю їх в'ю.,0
"Ставь ліжко там, де спить кіт.",0
Святково тут) (@ Управління СБУ у Львівській обл.) http://4,0
Я за 300з чимось в купе їздив влітку,0
"RT  Ой, як мило в Кисельова.",0
"Порадьте якийсь односерійний , але офігенний, пліз",0
"На сім заявляю, що свій ліміт срачів з приводу ""Оскарів"" вичерпала.",0
"Нє ровєн час, так і до квартир маладьіх, з хорошьім корінням діло дойде.",0
"Люблю, коли дев'ятикласники лайкають твіти про секс.",0
"От жеш кіт гамнистий!Тіки піднімеш сраку зі стільця,як він вже там!",0
"Типу, пофіг, шо спалили сміття на подвір""ї і зачаділи усе.",0
Чому усім так подобається нагадувати про мою фігову фігуру?,0
на іспанську - рахується! то ж на Подолі? гарного дня!,0
"Ну та, введемо флот в Слов'янськ на завершальну стадію АТО.",0
Жарти про суіцид - це сучасний спосіб виживання.,0
Найкращою валютою для маняреспублік були б кришечки від Балтики.,0
"Давні скандинави вірили, що північне сяйво - це відблиски обладунків валькірій.",0
Ще 2 офігенних мужиків запросило на каву...,0
"Там чекають мої два жиробасіка, а не вот ета вот всьо",0
"Набридли люди з їх купою надуманих проблем, якими вони забивають твою голову, де б ти не був.",0
"Погоджусь про матрац,але діло не лише в зручності.Як на мене,на піддонах це якийсь бомж-стайл чи шо.",0
"І хоча тут зовсім інше, але ж блін десь друкується вся політична муть,  всі ці поздоровлення депів і тд",0
Люблю робити всяку дич із своїми селфі.,0
блендер чи мультиварка? ось в чому питання,0
Шо ж так важко це запам'ятати ?,0
"мій айпед міні, кому уже 3 роки, відмовляється підтримувати курсеру без оновлення ios. скажіть, він помре, якщо я оновлю?",0
"Стрічечки, квіточки, блискітки, конфеті, корони, повітряні кульки - просто готовий набір для святкування",0
Хочу еклери  Піду зроблю чи що,0
Як я уявляю свого хлопця?,0
"Їх так дофіга розвелось,що аж бісить)",0
життя таке… купи для свого блогу домен в .com і буде тобі більша довіра :),0
"Треба терміново придумати, куди його можна причепити.",0
Навіть якщо вас лякає до смерті - зробіть це.,0
"для мене відкриттям таким стало слово ""подейкують"".",0
"Валiчек, чекаєм тебе бiля Nike на м.",0
"Впала в підліткізм, ходжу по вєчєрінках в перебираю мужиками.",0
"Виклади в інсту фотку з купою таблеток і пафосною цитатою, щоб всі бачили, яка ж ти нещасна Лулз",0
"А кажуть, в нас на таке не хворіють( лікуйся:*",0
"не забувай про інші часові пояси, мені дуже часто пишуть серед ночі і це не є спамом :)",0
А ще хочу ноги щоб м’язи вилізали і жопку велику.,0
Я не прихильниця Забужко... мабуть зроблю чергову спробу полюбити її книжки =),0
"Бачиш їм добре, а блюз це коли хорошій людині погано.)) Це справді джазові рифи.",0
І я до того моменту не бачив.,0
В мене фетиш на ноутбучні клави,0
"Одна називається Consolidated Combat, і супротивники кажуть на її солдатів the concoms.",0
"— Не знаю, я дивився без звуку",0
"ой снігу, снігу білого насипало сповна ^^ яцелюблю!!! а ви взувайтеся нормально, одягайтеся тепленько і не нийте ;)",0
"Повторюю - інфа про ""трупи"" - деза!",0
"Божена вчора порадила поговорити з психологом, бо я занадто збочена.",0
лексикон таємних знань  Прохаська - це бібліотека журналу Четвер,0
Ох же ж ці Богданюки.люблю їх,0
"Коли рівень зайобаності словами передати неможливо, в поміч ідуть пісні.",0
"Тільки в Тернополі іноземні студенти полохаються голубів біля театру так, ніби то птеродактилі.",0
"люблю її всю-всю RT "": ах!",0
"Я наївна така, думала, що мій фіговий день був вчора.",0
"Типу під'їхати ловити злочинців з виючою сиреною,щоб вони почули що їдуть копи і втекли))",0
Він тікав від мене по  білясільському узбіччі траси.,0
Без намордника випускати за двері ніц неможна.,0
Аж блистять))) Ще й муха не сиділа))) #petanque,0
"Улюблені ласощі дитинства - червонобурячковий домашній сиропчик від кашлю) вирізати, засипати цукор, поставити в телле місце, щоб розтанув",0
Як у вас називають сушені яблука з яких варять узвар?,0
"дуже люблю прикидатися тупуватою з людьми, які знають, що все не так погано.",0
"блін, без ком я не вшарила))",0
"- Ну, хоч на людину стала схожа.  люблю маму: 3",0
"А я люблю тусуватись з хлопцями, які не намагаються мене споїти :)",0
"Стрічко,я йду читати Костенко і навряд вже зайду) Тому всім гарних снів;D #Люблювас <3 #міцно_обіймаю :3",0
"До речі, у 99% власники дякують за конструктивний фідбек і дуже позитивно реагують.",0
"Та ти сама свідок того, скільки часу...",0
Той великий білий кружечок посередині то місяць,0
Мої улюблені алітерації — зі звуком ч.,0
"мир та спокій було б ок. Але я люблю, коли тебе багато тут)",0
"І я) Бо вони зазвичай такі милі, добрі, казкові, а я люблю щось пожостче)",0
"Жінки, роботодавці і внутрішні таргани, ЩО З ВАМИ НЕ ТАК?!!!",0
"Люблю маму, за мінєралку на утро після бухача",0
"Тьоті, якщо вже носите відкрите взуття, спроможіться зробити педікюр!",0
"Вау!) яка ти гарна!  і сукня, і фігура просто бомба!)",0
"а раніше ти хотіла працювати у бібліотеці. відразу видно, шо дєвачка павзраслєла",0
"буде дивно, якщо скажу, що вчора я сміялась без перестанку близько 2,5 годин, гуляючи по кладовищу?",0
через годинку підлогу помию - і все зроблено))),0
"Дуже хочу щоб ви переглянули це відео, а в ідеалі поширили.",0
Замовила лате - *почувається в передчутті*.,0
"Щоб з русого стати білявкою, треба мінімум півроку висвітлюватись у майстра.",0
ну да. в нас люблять скривджених і змучених,0
"І чого я така обережна зі своїми намірами,а вони ні?",0
"ПРОТЕ, дивлбсь тіп в такт хитає головою.",0
"Це ж треба, у мене в цей час саме курси в іншій бібліотеці",0
"Не хвилюйтесь, підривати його (поки) не буду ;)",0
Найбільшим визнанням своїх статусів у фб вважаю лайк від мого улюбленого викладача.,0
"Городцькі, ану зізнавайтеся, шо зара робите посеред робочого дьня?",0
Чому люди так не люблять дощ?,0
"Приперлися ледь живі, впали на диван.",0
Емоційний рак термінальної стадії з метастазами в сприйнятті себе.,0
та-та)  Він шикарно з публікою спілкувався *0*,0
І ще мені цікаво про Ваших близнюків: вони хлопці чи дівчатка? :)),0
"Завжди легко було казати,що все добре...",0
"Шойт, шовдер, пікниця куплені, яйця пофарбовані  #Пасханаближається",0
"Якшо людині самій на себе пофіг, то як би ти не старалась, нічого не вдієш.",0
На межі «хто ця людина?» і «OMG».,0
в тебе була до неї особлива любов?),0
"я так поняла з фб, що поневіряння репортажу Шабловського про Волинь завершились.",0
@ КРАЩЕ Б НЕ ЧИТАЛА.,0
"Цього року на НР, я буду абсолютно і повністю сама.",0
"у олі вже якась фігня виходить, вона не вміє малювати, а береться :((",0
"Далі відчуття того, що мене намахують.",0
Барига палить обличчя на фото гарної якості в тві  Я в шоковє,0
Мене так само оце спочатку трухануло.,0
А вони пробасять гундявими...,0
"всього потроху.це писанина не для твітора.це треба опус в блог,а мені впадло і зачєм. але кореляція є,да",0
"Інформнапалм на основі робіт Andriy Yermolenko зробили коротке відео, яке точно зіпсує святкову атмосферу ЧС 2018.",0
Такій бабській істериці бачу лише одне пояснення - ніхто не збирався брати замовника.,0
"під настрій, одна з улюблених пісень від БГггг) - Егор Летов ЭЛЕКТРИЧЕСКИЙ ПЁС Борис Гребенщиков:  #твіпанк з",0
"І знаєте, хороші дівчатка таким не займаються.",0
"Антоша і шуточкі,Касік,з найпрекраснішою посмішкою,Мир,що хазяйнує в переповненому Сквоті,команда Крапки з теплими обіймами і друзі поруч",0
Зараз ми живемо у сучасній легенді про Вавілонську вежу.,0
"Увесь світ зоопарк, а ти в ньому під табличкою ""Руками не чіпати"".",0
"Ва ізбєжанія громкіх риданій і пріступав депресії, рєкамєндуєца нє захадіть нєфєстівальщікам в Твиттор в ближайшие 5 днєй.",0
Там ще мати вона і блогер.,0
"Вона ідеально підходить до концепту мого мікроблогу - ""шо віжу, о том пою"" тві-бешкетник ага :)",0
"Ти доросла людина, навчися не жити по стереотипах.",0
і я вже люблю твоїх дєдушок :),0
Стоїмо дивимось одне одному в очі — ворони це вміють.,0
в мене з нею хороші стосунки.,0
"Вилізло з якихось глибин підсвідомого, як колишній муж бичив за те, що я постійно зайнята.",0
"О, мелісу я теж люблю =)",0
Талалай сьогодні тіп #хазяюшка  Роблю печену картопельку :з  #омномном,0
"Приїхала на місце прописки з'ясовувати, чи є я в списках.",0
"Оригінальна ідея, люблю коли на столику під склом щось цікаве є порозглядати",0
"Робот Софія сказала, що Гройсман молодий, амбіційний і привабливий.",0
"Кум Путіна Медведчук у нас володіє 5% акцій ""Нафтогазвидобування"".",0
Один мій сусід зверху не посовав серед ночі важкі меблі і вмер.,0
В Криївцi бiльше нема моїх улюблених млинцiв :(,0
"Можна робити багато помилок, а можна робити менше.",0
"Знайомі, мабуть, казали про європейські країни?",0
"Люди, які роблять скріни твітів, кидають їх потім комусь іншому аби пообговорювати - на здоров‘я.",0
Хочеш щоб він за тобою бігав?,0
На бєбущку Йулю вся надія.,0
вже тиждень не можу змусити себе дописати в бложик пост про Рим. лінива срака,0
Жахливо себе почуваю і хочу спати.,0
Аж настрій піднявся і продуктивність з'явилася.,0
"Хріново, коли ти задихаєшся уві сні, а прокинувшись лице горить, люблю алергію, чьо.",0
І піти вибачитись та цяю папіть.,0
"Та я то знаю) То для підстраховки, бо судячи з моїх приблизних результатів держ.місця в універі мені не бачити)",0
Анонсували HTC One Nexus experience і в мене зʼявилася невелика сверблячка :),0
"Я навіть змогла полюбити Америку, чесно.",0
"Називала пацана Нікіта, бо мені не подобалось його справжнє ім‘я.",0
А я їх дуже люблю) Буду періодично просвіщати народ),0
"Далі – пошукайте про Боярчука яку небуть інфу (це директор цієї шарашки, що робила оналєз) особливо пошукайте біографію.",0
"Я свій щодня грію, то він живий, хоч колеги кажуть, що не можна весь час його гріти.",0
"буду лінк на цей твій твіт тулити до всіх своїх, бо маю тупо таку саму проблему)))",0
"Оргазм в 12 років від того, що улюблену собаку збила машина.",0
"Зайшла до магазину, тільки щоб зашазамити пісню.",0
Лікарська мафія знову починає новий шторм .,0
мій улюблений фотограф  #FF Коли будуть ще фотки з івента?)),0
Цей нездобутий досвід прирікає на повторення.,0
"Мені Миколай принесе пєндаль - ібо доросла кобила вже, іди сама на подарунок заробляй.",0
"«Та нічого тут страшного нема,то в поліклініках люблять вас налякати!»  лікар державної клініки.",0
"Враховуючи, що ПЕРШИМИ озвучувати розмову Трампа з Вовай кинулись рузняві змі – тра чекати офіційних коментарів WH.",0
"Просто сижу під гуртожитком і ридаю, не має сил навіть тупо зайти всередину",0
Стою в темряві посеред галяви ловлю мережу.,0
"А я, дурне, на таблетках сиділа.",0
"Нє, кншн) я ж тебе знаю!",0
- Ти не така як всі.,0
Шо ви мені свої довгі твіти в обличчя пхаєте?,0
"Жоден з вас не досяг того, що вони!",0
Це просто верх егоїзму з мого боку був би.,0
"#раптово - м’яса мені! стейк би зараз з’їсти, середньої прожарки, з помідорами і келишком червоного грузинського сухого... мням",0
"Особливо, коли звертаються по роботі чи у справах",0
"Мамі снилося, що їй роблять операцію, і лікар чомусь плакав, а зранку дізналися, що прабабуся після операції померла.",0
"Треба заборонити у дев'ятнадцять ставати блогеринями, які вчать інших, як жити.",0
Кожен клаптичок землі так дбайливо і з любов*ю оброблений.,0
"Бо Колокол задовбав, але з ua-ix з’їжджати поки не хочеться.",0
то в чому проблема? він може пару місяців використовувати дорожчу машину безкоштовно. ну хіба вона сильно відрізняється в типі/розмірі.,0
"- Ти лісьонак, який м'явкає і каже що він зайчик?",0
"Мені останнім часом так часто люди роблять боляче, що вже хочеться послати під три чорти всіх.",0
"Інколи ловлю себе на думці, що дивлюся деякі відео на ютубі лише заради срачів у коментарях під ними.",0
Лізу в ванну грітися і розслаблятися.=),0
"блін. тобто якщо ця буде довша за польську, то треба буде скасовувати польську у консуляті?",0
Нарешті текст Угоди про асоціацію з ЄС опублікували.,0
"Я люблю тебе, дівчино, що танцює під сходами",0
Вимірюю інтенсивність життя кількістю непрочитаних книг.,0
"Той момент, коли мої фотки опублікували в групі про Ригу.",0
"Дякую, мам, ти знаєш, чого хоче жінка.",0
"Серед середньовічних покарань одним із найбільш принизливих було побиття дохлим собакою (с)   мабуть, найвнезапніша цитата евер",0
Зараз би убер селект підібрав мені роздовбаний Опель на бляхах,0
ой влюбляюся в Бахрому...як колись у Фіолет)),0
"Ніфіга не шарю, але все одно дивлюсь, ага.",0
"Не витримую вже Змовились, чи як?",0
"Один з моїх улюблених ""Море радості"".",0
"Він: витирає козявку з носа об штани, зітхає.",0
"а я все ніяк не наважусь) але казала Стоуну, шо дівки його люблять.",0
"Заняття монотонне і розраховано або ж для лінивих, або для тих, у кого якісь проблеми зі здоров*ям.",0
"Гроші, що зайняв у старенької мами вже повернув?",0
"Залипаю на ""супермодель по-українськи"" і на пабліки з гарними худими дівчатками, щоб відчути всю свою ущєрбність",0
"я вживу зазвичай така рада бачити людей, що нию лише найближчим) бо їх я бачу за всяких обставин)",0
Люблю коли у людей такі ж думки як у мене!,0
"Зара всередині нас рухається кров, стискається і розтискається серце, відбувається безперервна активність мозку...",0
"Цей перший смайлик, тобі погано?",0
"коли вперше потрапила у Львів, була здивована к-стю людей, які розмовляли російською.",0
А я кажу: тобі цікаво як це звучить в оригіналі?,0
Не для широкої публіки я твітер вела!,0
"Був на ефірі , озвучував і лобіював тези про широкодоступність 3G, 4G. Використовую для цих тем кожен публічний майданчик)",0
"Бо вони вже 2й рік зникають, дорогою додому",0
"Люди на мене, як на білу ворону дивились.",0
а це вже цікаво) У мене дурна слава серед птась?),0
"Зізнавайтесь, хто про мене думає?! :))))",0
Ну що ж вже за політика пішла.,0
"Моя мрія на майбутнє - зібрати людей, котриx люблю, і жити комуною.",0
"ого, оф.пабліки Brutto взяли собі мій відос. приємно) звісно, було б ще приємніше, якби просто авторство не забували)",0
Бо в твого опонента скінчилися аргументи.,0
"Ахххаахахаха Ні, ні все Ахххаахахаха, т.е. мяу",0
"Приваблювали не романтичними ідеалами,а ситою влаштованістю,яка виявилася значно примарнішою від романтичних ідеалів",0
Але я рада за Ілоло)татуха вийшла афігєнна!,0
"Давно вже мені не снилося щось цікаве, а нині я йшла по лісу і до мене чіплявся блуд.",0
"Вмираю як хочу сиру, а послати по нього в магазин нікого.",0
Чому не зробити як у давні часи?,0
"Сонечко сідає ближче до будинку, а значить, скоро осінь",0
"Прикордонниця на мене дивилась-дивилась, а потім сказала волосся поставити по обидві сторони обличчя, бо не схожа)))",0
"Спецом для таких - повні варіанти прислів‘я: На обиженных воду возят... для котлов, в которых обидчики кипят.",0
"Четверта заповідь біполярниці:  Не забувай, що бувають швидкі фази.",0
Таки потрохи відпочиваю від всієї суєти.,0
"Їдемо, веземо еміратські фініки і шоколад з вербл.молока",0
А рівень профі - це вже універсітетський підручник?..,0
Все думаю про скандал з Vogue.,0
*жизнь уже не будєт прєжнєй нуіділа,0
А А А АА АА А А А А А А А А А А А А,0
"Лежу тепер під ковдрочкою і думаю, що робити.",0
"ІРА - це не лише Ірландська республіканська армія""",0
"Якщо запитати 6річних, чи люблять вони навчатись - 95% скаже так.",0
"Вирішила пити менше кави, по пів горнятка вранці.",0
"Мене трохи підхарює невідповідність з книжкою, бо кілька ключових, імхо, моментів було пропущено.",0
"Новіков прочитав пост Каменяра, коментарі судді, та статті ""Букв"".",0
Любиш куховарити? — люблю.аби ще й нормально вміла)) http://4,0
"І навіщо, якщо я в будь-якому випадку люблю цих людей?",0
Я вже не можу витримувати її.,0
"які будильники в вихідні? спати лягайте як слід, і буде вам щастя, і будильники не знадобляться",0
Оксана Андріївна: *дає мені сертифікат з цифрою 200* Оксана Андріївна:,0
"секс - це розкіш для багатьох людей) Лише на свята, блін.",0
Гублюсь між Альфом і Бригадою,0
"Дівчина з електрички, ніби зійшла із середньовічних картин.",0
Моєму батьку і деяким знайомим теж О_о,0
"часом мені здається, що зараз найнезахищеніші люди, котрі мають звичайну орієнтацію і не мають якихось особливостей, не виділяються.",0
"За роки нічого не змінилося: золота з білим, але білий з блакитним відтінком",0
"Синій - улюблений колір, саме тому синяки під очима не заважають.",0
"Мама дізналась, що хворію і вислала дзбан калини і малини.",0
"Строк дії студентського стікає менше, ніж за годину.",0
"Запросили на відкритий чемпіонат Києва з легкої аилетики серед ... ветеранів О_О Піду, чьо :)",0
"сьогодні працюємо під таке, для зосередженості",0
"я теж, але літати я ще більше не люблю",0
"Люблю їх: Ті, що падають вгору - Саме зараз Олівці супер  via",0
Боротьба на інформаційному фронті в Херсонській області продовжується.,0
"А найгірше в цьому, що вони самі себе не люблять.",0
лютий у нас буде концертний. вперше років за 5 виберусь на концерт. і одразу два.,0
"А в тебе хоча б до Сум близько, це тішить хоч якось.",0
- Ну зашибісь ...Третій кальян за тиждень!,0
Бо приблизно такий список написала педіатр.,0
а який у вас улюблений фільм?,0
"Фентезі люблю, Крістен Стюарт не люблю)",0
"Ти сама все побачиш, головне, щоб не прогнулася під систему.",0
Прислухалась - це вони про смітники біля меморіалу.,0
"Дивлюсь на поличку, декілька разів витягала і читала назви підручників.",0
"Сиджу на парі, читаю орні твітики і ледве стримую орейро, роблячи вигля, Що сміюсь з жартиків викладачки.",0
Хоч я кавери і не люблю.,0
Особливо коли ще й зменшувальну форму імені вживають.,0
"Найбільше втомилася ставити границі, виглядає приблизно так: — Отут мої границі, далі не можна.",0
"Порвав останні шльопанці, благо в Гамериці дороги рівні)))))))",0
"так люблю її, що сил нема",0
"я дозволила тобі дати мені фору, такшо не розслабляйся ;) а про коллайдер я говорити можу, але не углубляясь))",0
"Не знаю, чого хорошого можна від мене чекати, я ж та людина, яка вважає, що фоткати залаковану бляху прікольно",0
"без гумору сьогодні улюбленець Сергійко, але приготував мені таку красу :)",0
"Коли застаєш бабу без ліфчика, то вона не прикриває сіськи, ні: вона бере їх в руки і припіднімає.",0
"Да, бо я вже не молодію і в стриптиз-барі мені блискуча кар'єра не світить",0
"Ні мій телефон, ні моя сімка 4Г н4 підтримують.",0
"У світлі фар танки́ сніжин, як кілобайти твітів в #літвівторок",0
"Косів,ніч,а я балдію під лайвовий Скрябін на телефоні.",0
скажу чесно: великі тексти в блога оминаю зразу- картинки цікаві зберігаю- відео не дивлюся :),0
"І завжди можна натиснути кнопки ігнорувати чи відписався, якщо моє ниття так заважає.",0
"Він приблудився і ми думали, що то кішка.",0
Сестра: ти на пари ходиш то?,0
"Вкрали екстра-сардельку із сусіднього столу, познайомились з бабушкамі з Оболоні та Новосибірська #ШоУДвохСтарпьорівУВодолєчєбніце",0
"@#₴&?*! я теж хочу знати, шо в мене з лицем.",0
"Смисл в тому, що даже вона не помагає, бо 24/7 в неї не пограєш, я починаю замахуватись.",0
ось цікаво а він зі штанин діставав 2 дублікат паспорту?) його співвічизники з top gear так робили,0
Люблю як Оркестр Че робить пісні з віршів Жадана.,0
"пишу статтю, і, блін, нє б про шось хороше, нє, блін, про судьби української демократії",0
"Коли Дамблдора приперли до стінки, він зробив те, що йому вдавалося найкраще.",0
"Розчісувала волосся, кинула розчіску вбік, оберетаюсь, а її там нема!",0
"- Нормальні люди в суботу сплять.	0
прекрасні ідеї для творчості з підручних матеріалів	0
Ненавиджу, коли з серіалів прибирають улюблених героїв і коли улюблені бариста йдуть з улюблених кав'ярень.	0
Банош тут добрий роблять, дарма повара одна ще.	0
Відверто веселять заклики до блокадників"" включити мізки і прорахувати наслідки.",0
І в мене 3-те місце Смоло.,0
"Я шо, в тві реєструвалась, аби розумні думки писати?",0
"Як же я його люблю, завжди підіймає настрій!!!",0
"Сьогодні мені в банку сказали, щоб отримати вестерн у валюті,потрібно зообити в них страхування якесь.",0
А вам колись бризкав сік від яблука в око?,0
"Засинати, держучи сіську, афігєнно канєшно",0
"Все,кохані твіттерські,йдемо спати) Дякую вам за цей чудовий недільний вечір,який ми провели разом) Люблю вас) #Спокійнихснів :3 #цьом ;*",0
А народ любить дітей і старих людей.,0
діти-дауни всі схожі їх називають близнюками або дітьми сонця ))),0
"Господи, чому в цього ідеального чоловіка аж четверо доньок, за що йому така кара?",0
Повеселило “: вони дружать 94 роки і відповідають на питання про сучасну поп культуру. усміхнули:,0
Не хочеш яблучка - не хочеш їсти.,0
"Коти з Кіпру люблять увагу, ласку, спати і попоїсти #",0
"ахаха,ти мій бро) Коли я чекала на перший концерт у мене також квиток був у рамочці) #нєнуашо #люблюОЕ #всенайкращеСлавкові",0
Свого улюбленого актора Джонні Деппа вітаю з Днем Народження!,0
Привітаймо ж новоспечену гарно вилизану дівчинку.,0
А ще подивилась серіал Гордість і упередження.,0
Яблука сливи виноград груші жоржини айстри каштанчики хризантеми павутинки листя листя листя,0
"А зачєм, двадцять років клепали фігню, і зараз будем.",0
Табачник прийде - порядок наведе /// У Могилянці повернули власнику загублені на університетських сходах гроші -,0
"Зараз я щось середнє між ""найщасливіша людина планети"" і ""я нікчема, коли ж вже подохну""",0
"Почуваюся LEGO, яке спочатку дбайливо склали, а потім рознесли нахрін з ноги.",0
"ти неправильно зрозумів, в мене були проблеми з собою і я вже розібралась)",0
А тоді ще й дурниць всяких наробила,0
"Хочеться до кінця життя блудити квартирою в полосатій сорочці на голе тіло, а дєлать дєла не хочеться(((",0
"Тому срочно нужні ідеї: що там нормальні люди, а не такі трудоголіки, як ми, ще роблять на побаченнях?",0
Найулюбленіші кадри) в той липневий день була якраз ідеальна погода для фотографування,0
Бублик розказує страшні історії на ніч =),0
"Сьогодні весь вечір харчувалась за принципом: хочеш їсти - з'їж яблуко, не хочеш яблуко - не хочеш їсти.",0
Задовбали вже всі ці поширення для пошуку господарів кошенятам.,0
"Це мені просто білизна приїхала, так.",0
"але ж може початися вчасно,якби люди пунктуальнішими були.Спізнились-ваші проблеми .",0
"Завжди була мила, І одразу давала.",0
"Збери себе докупи, сентиментальна лярво,-їй-богу,голос в моїй голові просто нізвідки.Тим не менше я закинула голову і задоволено гигикнула",0
Мені сьогодні снились Ілюша і Вадімчик з моєї колишньої театральної студії.,0
"В моїй голові це виглядає приголомшливо, а як воно насправді, навіть думати не хочу, не те, що бачити.",0
Цей хлопчик однозначно заслуговує бути щасливим..,0
Зараз до мене підійшла бабця східної зовнішності та французькою спитала як пройти до якогось автобуса.,0
"В цей час їх зазвичай презентують як ""феміністських теоретикинь"", а не як тих, хто відкрили новий погляд на методологію.",0
Я собі роблю багато скріншотів і потім переглядаю їх)) і шлю стгнали в Космос.,0
Коли не наляпала фігні і сидиш собою така задоволена,0
блават - то волошка наскільки я знаю.,0
"в такі моменти згадую слова одної мудрої пані: ""Одягаю посмішку і уявляю, що мене всі люблять"" :)",0
Як можна не хотіти на відпочинок?,0
"Але при мені ще двіжували легендарні лічності по типу Слюсаренка і інших, і короче тоді мрак був.",0
один з улюблених будинкiв в Києвi,0
"Це той тип жінок, котрі всі проблеми світу роблять твоїми.",0
"- Я прєдставіл сєбє Соню паханом духовной зони - нє паханом, а єпіскапам",0
"Аххаха да, я тож її люблю очінь",0
"Тіло звично реагує на обійми, дотики, поцілунки, а всередині якась така порожнеча, що почуваєшся просто манекеном.",0
"Дайте мені дослухати мої улюблені пісні, бо я взірвусь",0
а це якийсь особливий ретуал? я щось окрім співання гаудеамуса ніц не принадую надзвичайного))),0
"За Лєщєнко підете усі як один, чекаємо:*",0
А я не захочу віддавати гроші на цю візу найближчим часом ось і переноситься ірландська пиво.,0
RT : Ця ж довжина = довжині обличчя! ),0
"Во ім'я ранку, кави і святого сну.",0
"ну дубляжі - це величезна кампанія громадських організацій, яку просто великодушно підтримала влада.",0
"Та блін,завтра останній іспит,а я ще навіть не Снідав",0
на День злуки так само #стб'ешників відшив.,0
#playingnow  Королева - одна з найулюбленіших взагалі!,0
"як пояснити татові, що в мене видно шкарпетки не того, шо я лох і потороча, а то так треба?",0
"Дуже точно про сучасну Росію RT "": Православие, самодержавие, упоротость.""",0
"Я тут думаю як іспити скласти, а вони мене про дурне питають.",0
Я маю бути готовою довго чекати?,0
"Йдемо собі Берліном, а тут пес катається на скейті.",0
"Сіді дома і жарь шашьлик, Свєта.",0
І не застрахуєшся ж від халтурщиків..,0
"Балдіє) а вбивати кажанів не можна, бла-бла-бла))",0
"Кохана, про тебе всі найромантичніші пісні світу!",0
"Я навіть старі чашки підклеюю, а хіба люди не важливіші, ніж чашки?",0
"Обожнюю зараз рук після того, як поїв мандарини.",0
"Любіть свої велосипедики, вони ж бо ваші другі половинки у цьому світі пішоходів:ззз",0
"Останнім часом часто уявляю себе і своїх коліжанок в такому більш старшому віці, ближче до 40-ка.",0
Бо лікарняні роблять в поліклініках і мутки,0
"Треба бути щасливою, хоч би що.",0
"– Тільки тому, що ви надто… е-е… шляхетні, щоб скористатися нею.",0
"Вони живуть в страху, постійному страху...",0
"В тексті ""пригорщі свіжого срібла"", а я написала ""свіжого хліба"".",0
Ну для мене поїсти в транспорті чи на лавочці ніколи не було проблемою) Та приємніше таки в закладах.,0
"Завдяки      мої вихідні були чудовими,дякую вам,ви афігєнні:)",0
"Більш за все люблю срібло, рожевий кварц, аметисти.",0
"Найманця з бразилії, який за сєпарів воював.",0
ото купила собі блузку дитина і тішиться.,0
Завжди себе на задній план.,0
блукаю по чужих сторінках час від часу. ну і про ретвіти не забувайте,0
"Ггг =D Якщо що,у мене зі слухом і голосом теж не дуже, і співати я дуже полюбляю =))",0
"Люблю кусати людей, які мені подобаються.",0
"ну не знаю, я завжди п'ю чай влітку. і дууууже гарячий люблю)",0
"маю новий дівайс (читалку) і немаю ні сил, ні часу з ним гратися(( просто люблю подушку.",0
"Використовується для всього: для елект. підпису, підтвердження платежів і т.д.",0
Поліцейський під стінами ростпосольства під час виконання гімну.,0
"Спочатку тімлід пригостила мандаринами, потім колега печивом і прибиральниця яблуком.",0
"Хоча чим молодші люди, тим усередненішою мовою говорять",0
"ближче до тіла, ближче до діла... подушка",0
"Зловив себе на думці, що я більш-менш орієнтуюсь в центральній частині Тбілісі.",0
"Ну є вона там, і що?",0
"завтра їхатиму додому від репетитора, куплю піццу, ляжу на ліжко і просто розслаблюсь :з",0
"-Одружися з нею, кинути дружину це проблема зовсім іншої категорії"" )))))",0
Взимку з тим складніше у наших широтах( Тому 7-8 можна сміливо до жайворонкового часу зарахувати),0
Мій меседж - хочеш творчу особистість- готуйся до купи проблем пропорційних відомості.,0
у Польщі взагалі люблять все єврейське.,0
"Чомусь моя підсвідомість для того, щоб повідомляти мені важні жизнєнні премудрощі від сні, вирішила втілюватися в колишнього коханця.",0
"Прийшов на майдан до Львова, а там та сама фігня.",0
"О злоє нєбо, звьозди-супостати!.' я мушу встати і маршувати працювати #літвівторок",0
"Я не пам'ятаю назви, але може, то й на краще.",0
я щось роблю не те в цьому житті... :)),0
"Десь блукає по країні, але в напрямку до мене айфончику мій:-)",0
ну нічого не залежить від писку-виску на місцях у подібних ситуаціях.,0
"Або рахує таки гуд, просто тирить з каси",0
"реплаї засирають стрічку твоїм читачам, які можуть псіханути і відписатись.",0
@ – бугай парвал у жєнщіньі в бєльіх трусіках плакат!,0
по факту - та сама фігня,0
оце воно – істінає обличча британського правосудія! свободу Анжєлє Дєвіс!,0
Бо я не встигла зробити скріншот.,0
Під м’ясо господнє кров господня п’ється ніби Біблія вирощувала поколіннями натовп вампірів.,0
Щяслівава & з повними торбами та діджєйкай під боком.,0
практично всі людські проблеми від заздрощів та егоїзму. уменевсе.,0
"А я афігєл від того, що Вероніка зі сцени втекла",0
"бачиш, а кажеш що не знаєш))каблучка-зачьот) можна  подарувати нижню білизну - це так романтік ;)",0
"Те що Порох отримав підтримку Заходу, а рашка отримала санкції?",0
"Загітувала двох знайомих українців-заробітчан піти голосувати, розповіла де саме можна це зробити в Москві.",0
"Цей твіт буде довершеним, коли вони додадуть туди ""тьолочок"" ящетаю.",0
"RT, якщо “Одинокий мужичок за 50” улюблена пісня твого тестя",0
"Народ, може хтось мені заспокійливе із наркотичними речовинами у складі виписати?",0
фантастика RT   захід сьогодні особливо красивий!,0
.. дзвонить і повторює що все буде добре.,0
"Добре, що хоть білет не намок.",0
RT : Завтра буду в Києві.,0
"Я не у Ларнаці, поїхала одразу Лімасол.",0
"Чим ближче форум, тим більше хочеться купити на ньому лише абабівського Гаррі Поттера і не зайобуватись.",0
"Спрощення - це мистецтво першого кроку, та?",0
"А як до профільного кого, то по запису і через касу.",0
Твітер - це і є блог,0
"Бо в нас у ТЦ такі набори стоять з поміткою ""НАЙКРАЩИЙ ПОДАРУНОК"".",0
"Словом, прекрасна країна для зимового відпочинку",0
Задля свого блага вони повинні перетерпіти),0
"Швидко забирають тіло, підтримують в ньому сякі такі ознаки життя і мчать коридорами якогось таємного медичного центру.",0
"Їм це картинка, багато лайків, які напевно є їх KPI-ями",0
"Одним словом, поки я йому розсилаю вітання в соц мережах він вже бавиться новою іграшкою.",0
"Привезла батькам їх улюблений смердючий французький  сир, тепер холодильник хоч не відкривай.",0
Ну мені висидіти пари не проблема Проблема встати і зібратись на них,0
"Я так не люблю, коли міняються плани.",0
"Піймала себе на думці, шо я - командний гравець.",0
P.S. За чЬто ані нас нінавідят?,0
Чого всі так люблять верещати в трамвайчиках?,0
"Єдина ваніль, яку я люблю, - та, шо в каві.",0
"Подруга жаліється на те, що в неї великі сіськи :(",0
"Сьогодні в якості самостійної роботи писали твір на тему: ""Місце транснаціональних корпорацій в сучасному світі"".",0
"Думаю, шо у тирнетиках можна буде понаблюдать",0
так само Кропивницької області ше нема:(,0
Були з Левом на Книжковому Арсеналі.,0
Погортала пдфки цьогорічних букварів - той же страх і ужас.,0
"Помічаю, що стаю потрохи грьобаним перфекціоністом",0
"Мене зараз прориває на поговорити Знаєте, шо я найбільше хочу?",0
"Ех, Люблю коли понеділок починається у вівторок.",0
"Пиво світле, фільтроване із доволі типовим смаком як для Лагеру.",0
"Подруга про племінника: - Я не хочу, щоб він виріс недолюбленим.",0
"Не повторюйте моїх помилок, лягайте спати)",0
"Глянула,що вже середа.Не розумію,куди біжить час.Величезні запити щодо продуктивності!Відчуття,що нічого не встигаю,хоч роблю багато всього.",0
"Тим часом у фейсбуці бачу, що мій знайомий турок комуніст полетів на канікули із Цюріха в Гавану.",0
Бровари і Київ то ж дуже близько :),0
"Зачєм мені дофіга цих друзєй і знакомих, якщо нема з ким на Звери сходити?!",0
"то шо, нового сезону відеблогу Коваля вже не буде",0
"Ось таким чином я роблю все сам, і ні в кого нічого не прошу",0
"Не знаю за оленів, мене збивали на пішохідному.",0
Вона: а чим же ти займаєшся в інернеті до пізньої ночі?,0
"А потім був ніякий, навіть обісцявся.",0
Видужуй і забери в нього права.,0
"Але чому, чому вони взуті в стриптизерські (!!!) босоніжки?",0
"На крок пабліже к смєрті, мої конгратулейшини.",0
"польську письмову - практично, але коли швидко говорять - ні, а білоруська найближча до української :)",0
"У моєї бабусі також були проблеми з тиском, якщо гіпертонічний кріз то без швидкої ніяк",0
"купую. виключно гарно зроблені  +поезію хочу тільки паперову  +ти б краще спитав, хто електронні купує))",0
"І вам ніпавєзло, щяс будєт набор слоф",0
та сама фігня і з KLM — на рейси до США в Києві не реєструють.,0
Дізнатися перед самим концертом моєї улюбленої групи про загибель на війні друга і співробітника.,0
"Шкода, що або зовні, або в середині.",0
"Люблю підтяжки, але ми не схожі.",0
"Кінець світу близько,Романа Голубовського намагались викрасти інопланетяни!",0
"цю жінку я люблю,вона просила цю жінку я люблю,вона просила цю жінку я люблю вона просилллла!   с.ж.",0
Тут просто нада шото влєпіть от сєбя.,0
Хочу щоб Дід Мороз приніс мені таємно дюшес та зоряне сяйво.,0
"Йду на пари з одним блокнотом, при цьому не знаючи розкладу.",0
сьогодні на арсеналі двіж. між офігенними штуками ще одна офігенна штука.,0
"навєрно откажусь, я шось рибу не дуже, а з глазами і так проблєми",0
"На мене довго дихали в шию перегаром і заплітаючимся язиком намагались вимовити ""мадемуазель""",0
"Одна сміється тобі в лице,але насправді,десь там всередині плаче.",0
"Так класно, коли люди, яким не хочеться щось робити, змушують тебе почуватись фігово, бо ти робиш.",0
"ой, для вас галичан\волинян, навіть Поділля, Київщина має східні риси обличчя",0
"Маю читати, а спорю про Телепузиків.",0
Тому він у мене сьогодні з яблуками та обліпихою)),0
"Правда, мінус в тому, що мене не зможуть ретвітити.",0
"Але я блін рада, шо мені от підкинула гімна на лопаті, а я не стала ото мовчки ковтати.",0
"Ні, відповіла мама, ти не розумієш, нам це потрібно.",0
"Аааа, ще вітаю всіх школярів з дзвінком, особливо випускників :3 Чемні будьте :)",0
Для України зараз так рілейтебл ну просто всефейсбучний срач,0
Ловіть фоточку з Ліону в день фіналу ліги Європи.,0
"Діма розуміє, шо проєбланив По обличчю видно #хфактор",0
яка він ікона?)) Блохін давно перестав нею бути.,0
"Слухати музику в торгових центрах шкідливо для здоров'я:  ""Я одену тебя, чтобы раздеть, Я раздену тебя, чтобы одеть.""",0
Це була найбезглуздіша фіча Фолаута 4),0
"трохи поплохєло на затяжних підйомах після вчорашнього #ядонор , але все гут #невсеремося :)",0
Люблю дивитись як танцюють мої улюбленi подружнi пари.,0
Яворів був би милим містечком якби не ядуча реклама і жахливі вивіски.,0
"110-ий пост блога і 30-ий БЛОГО-КНИГИ ""Довгі коси ✑30✑""",0
"Дякую ще раз  за поповнення в нашій бібліотеці, було приємно познайомитись, привіти  передав, до нових зустрічей",0
#жахи RT  Навіжений реферувальник досліджень корпоративного права - шукайте у бібліотеках міста...,0
"Пан  підняв тему, котра особисто мені пече вже бо зна скілько часу.",0
А далі вже зволікати не можна.,0
кароч як електрична зубна щітка тік для морди ліца,0
рігліс пірмінт дабл мінт і джусі фрут?,0
почав писати про геконів: „У них мімімішні очі.,0
Не те що на Красуні і Чудовиську.,0
"Голова окремо, накрита якоюсь світлою тканиною.",0
"імхо, звуж ""j"" - шось середнє між нашим й і м'яким дж. Не зовсім коректно його твердо по-українськи джикати",0
Шоб потім на старості був час подвіжувати без дітей.,0
"а звідки я знаю, шо ти бігаєш?",0
"блін, походу мені плюсик кармічний зарахувався, коли інет підключали)",0
"боюся що буде постити фігню типу: ""відвідав свиноферму в селі Сраколюбки, привітав доярку Параску Іванчук з рекордним надоєм"" :\",0
"Я за звичайний светр, на 3-4 розміри більший, з голими сіськами під низом вобше.",0
"А ти свою тоді Мені ж тре' страховку, якшо шо",0
Рекомендациі люччіх сабакаводов :)RT :  просто тебе легко набрати по памяті і навіть з мобла.,0
"Якщо те саме сформулювати коротко, буде:  І словом, і ділом.",0
Танці то пахата пахати і пахати,0
"Сиджу цілий день у космічному кораблі ОфісГрамарлі, мерзну й почуваюся через це дуже по-дурному.",0
Я із Західної України ілі как???,0
"Все, вистачить, мені набридло, ти говориш про те, в чому не шариш, в мене немає на це часу.",0
"Окей, сайт підкинув рекламу, де до мене доїбалися з питанням ""Ты употребляешь наркотики?"".",0
"Про сексистські жарти повний тупізм, жартувати можна про все.",0
"друга частина порадувала)) я просто не люблю рукавиці, тому в мене аж тріскає місцями шкіра, дуже обвітрюються",0
Люблю спостерігати за людьми у великих компаніях.,0
А Мілі шо?а Мілу навіть не годують((,0
"Дивись на першому національному, там не Притула.",0
Але для таких маленьких я би рекомендувала все-таки педіатра.,0
"Що з ними можна робити, окрім узвару?",0
"коли мені зроблять пропозицію, я буду, як голум.",0
"То он яка ти, середина весни",0
"Новачки твіттеру іскряться любов'ю, доброю та смайлами.",0
"Мій наручний дружок NikeFuel Band вже у Львові, пройшов митний контроль!",0
"На підборідді волосся грубе, ніфіга хорошого не вийде",0
"Можна вдома лишитись, а не дороблювати дз :(",0
"З вікна видно гірку, де катаються діти.",0
"Я знала, що мене Мурашова і на цьому світі дістане...",0
Як там і офіційні папери можуть бути російською?,0
"В тролейбусі бабця помацала юнака, шо сидів поруч, за коліна й пішла собі.",0
"А за ним ціла купа метафор, прихованих сенсів і відсилок до психології.",0
"Я не розумію, чому вони (у Шустера) обговорюють цю тему, коли вона не була заявлена на сайті?!",0
"І Майдан переміг дякуючи Сєрожі, ви що не знали?",0
"Тут дофіга хороших людей, чекаємо на Івана",0
"Дайте мені театральне шось, будь ласка, я те дуже люблю",0
"ось) мішаю різні, то вже індивідуально) роблю через день, коли голову мию.",0
"Виявилося, дівчина, до якої на співбесіду ходила.",0
"Або порийся в моїх фотках тут і знайди, або завтра кину, а то вже спати йду.",0
"амінь.я ж не дарма всрала спершу всі свої заощадження на візу, а потім на бус до Берліна))",0
"І після цього хтось ще сміє казати, що заздрить моєму переїзду...",0
Ви мені от що скажіть:  вже отримали фінансування від Юль Валадьімьіравньі Тімашонки?,0
Класний блог - мене пре)))    жахайся :),0
"Яка б хєрня не коїлась у тебе на роботі,вдома ти маєш бути спокійним.",0
"Так класно день пройшов і загалом все чудовр, але довбаний телефон підіпсув настрій",0
Маю тепер улюблену польську авторку: Александра Пезда.,0
"Каша заварилась насправді настільки крута, що аж сльози течуть.",0
"та я нікого не засуджую, але на мою думку позитивного для України вони точно нічого не роблять =)",0
"Шукала блокнотик, щоб запруфпікати Оські свій карявий почерк, а знайшла картку поповнення рахунку на 100грн!",0
"Пардон, радянські вчені були майстрами, але бляха я розповідаю про останні 20 років,який з біса СРСР!?",0
"Найгірше, то коли віслюків містом женуть.",0
"а ще є я, мені пофіг :D",0
"Усе крім того сраного будинку, який збудували мені під вікнами, і тепер я нічого не бачу",0
Блакитний відтінок то не баг а фіча :),0
Зранку п'ятниці особливо постачає вимкнути щоденний будильник.,0
"Якби не дудли, багато людей і не знали б, хто така,скажімо, та ж Ада Лавлейс.",0
"Діставайте бібліотеку, командує мама чоловіку і сину, як кинули валізи.",0
За оце Садовому хочеться зробити боляче.,0
"І молоді та завзяті теж А ви вибирайте, ага.",0
"Бугага, твіттер тролить мікроблоггєра :)))",0
Як ми вирішуємо проблеми у своїх відносинах?,0
"моя навпаки говорить, що зі мною ніяких проблем не було і таких як я вона б могла сто народити",0
"коли я робила блог про бабусю, з мене також сміялися дехто :) таке життя)",0
"Перші хочуть, шоб ти відмахався, а другим пофіг навіть на то.",0
Я так втомлююсь. що факаплю найпростіші людські взаємодії.,0
"ну ей, ти ж мила, і це був комплімент :с Шо я зроблю, якщо не вмію робити компліменти?",0
Ну мабуть Дніпро заслуговує на такого мера.,0
"Коли він починає читати тобі вірш ""Письмо к Лиличке"" Маяковського,а ти продовжуєш фразу за фразою,то мільйон імпульсів вибухають всередині",0
вишньовий кампот і яблучний узвар. а мені Шерідансик,0
Уже два тижні люблю цього кота!,0
"Його люди б'ють доблєсну міліцію і беркут, поливають їх коктейлями",0
"їду додому і розказую мамі, хто мене бісить і чого.  люблю так говорити з нею :з",0
"Натомість, лише мовчки продовжувала читати Андруховича, мовчки підсовуючи книжку поближче до хлопця.",0
"Довелося їм пояснювати, чому в СРСР для нас ""было плохо"".",0
"Золота медаль - це ота бляшанка, з якої навіть цепуру не сплавиш.",0
Ну нафіга ти палиш робочу схему),0
"Ну, може, він реально аж так сильно закоханий і боїться типу зрадити.",0
А Михасик тепер повнолітній?)) Це Михасику тепер багато всього можна?,0
-В мене дві фотки вже в паспорті оце старість.,0
"Кажуть вже тричі їх викликали, відтягували, а він все рівно ляга",0
"Пілотний проект, котрий запровадив доцент навчального закладу з групою не байдужих студентів, котрі і житимуть у відремонтованих кімнатах.",0
А чоловік зате меблі не дере =),0
-Ну зато в тебе на ліжку завжди буде частічька Діми)9)0) #з_розмов,0
"Хочу фотосет в своїй сірій футболці, що більша на декілька розмірів та чорних гетрах.",0
"На наступний день: «дн лише завтра, а подаруночки приходять вже».",0
"Хоча мені тут пєйсали, що ""вьі просто ніпанімаіті сарказма & йумара""",0
зато креслюнки в мене круті. . .ще би!,0
"І так приємно усвідомлювати, що трохи шарю. наука ван лав",0
"Всі такі щасливі, очікують на диво.",0
"Вгадайте хто завалив іспит,не спав більше 3ох годин вже кілька діб,і за ніч має розгребти купу проблем з роботою.",0
"Хай в голові там літає,а дуло не поможе ...",0
"любі друзі, може хтось має знайомих поблизу Венеції? або може хто подорожував Італією (Венеція і околиці)?",0
"„Наша візьме, лиш би не думати!“",0
"бафало як раз ціним, водка говно, пиво норм.",0
"Як заспокоїти гормони, я вже 3 день реву із за найменшої фігні.",0
Кращі та гірші готелі та ресторани.,0
Тільки перед виходом відбувався діалог сам з собою: - навушники вдягаєш?,0
"Наступним президентом має стати таксист, що катає корча на ойробляхах.",0
найближчі 10 днів дуже чекаю новин із-за океану ^^ в очікуванні бейбіка,0
"Дуже трендовий саунд, роблять наші пацани.",0
Я втратив відчуття весняної свіжості гг після 57 км на педалях.,0
Я в раю))) і вже задовбалась від сповіщень,0
Накупляли з Л всього пахучого і букет півоній.,0
"Павлуцький,я розумію,що ти мій бро,але одягни труси !!",0
#цей_момент коли твій улюблений письменник підтверджує твій запит в друзі на ФБ,0
"Поряд стоїть білий електросамокат, на якому він приїхав.",0
"А я з дитинства люблю людям виправдання шукати поганим, а хорошим навпаки.",0
"Купили шорти й футболку Ані, блюзку мені, відклали туфлі для Ані.",0
"#люблю їх RT : Чуваки з ""Назад в майбутнє"" відправлялись в СЬОГОДНІ via .",0
"*а в голові: не кажи, що песик, не кажи, що песик, бо пожартує про доггі-стайл*",0
"Чорт, вона не шарить як ж це неприємно? .-.",0
"Якби не #твітер я б забула, зо мені теж тре...",0
Я буду міністром факапів Твіттеру.,0
я буду чекати (с) ж. депардьє :))),0
"В середині тижня було морозно, але вже вчора йшов містом о 23.00 - не було вітру і,здавалось, близко 0*",0
Покличте хоч раз десь в 7 чишо,0
Це лише в нас терористи можуть заблокувати танк і їм за це нічого не буде.,0
"тяжко мені буде, якщо я дійсно блокнот згубила.",0
"Всередині хлюпають хвилі, а ще затерпають пальці.",0
"найприємніше, що я тут роблю - це купую подарунки",0
"алоха, дорогенька :) так, звісно. коли тобі зручно?",0
"А ще найгірше: людей, з якими зближуюсь, перетворюю на твітер.",0
"Торкаєшся її телефоном і тобі на мобільний ""дзвонить"" Тарас",0
Я відмічав його одразу в трьох країнах.,0
"Ви коли закохуєтеся, то відходьте подалі, щоб мене вашою любов'ю не заляпало",0
"Снилося, шо я відвідав мавзолей в Москві.",0
"І мені норм, але улюблені штани спадають.",0
Головне для мене на майданчику - дисципліна і любов.,0
П’ятниця в мене дуже важкий день.,0
чудове було рандеву від Києва до Страхолісся)),0
Тві-Маскарад  via  чергова #твідея #твігра у блозі Простір твірчості  #twiua,0
"Кіріл чи Кирило, вам не пофіг?",0
Бачу мету - йду до мети.,0
"До речі,ти не читав ""Метро 2033"" С.Глуховського?)",0
Муза комедії з тампоном в руках #помилкапрочитання.,0
"Після прем'єри пішли виключно жахливі відгуки і я вже не так засмутилася, що не вийшло піти.",0
"Одногрупник спитав, чи є в мене дитина.",0
Всі кого я знаю роблять у Ані Фонрабе.,0
"Твіт з драбини, бо я збираю вишні.",0
"підступна середа, небезпечний четвер, фатальна п'ятниця",0
я п'яне чи просто не панімамаю як гомосексуалісти свої ж права притісняють,0
Луцька гімназія №4 імені Модеста Левицького,0
"Фейсбук підкидає статейки типу ""Як задобрити Жовту Земляну Собаку, щоб 2018-й рік був вдалим"".",0
"Одна моя знайома казала - ""це не я спізнилась,це ви почали без мене"".",0
*мініатюра мами немає вдома* Мар*яна і тато ледь не спалили ліжко.,0
"Насправді, найбільше мене радує в цьому матчі, що Металіст залишиться на першому місці в турнірній таблиці)",0
"Вчора бачила як випробовують ""зони для обливання"" біля Ратуші.",0
Але може все залежить від регіона,0
Найближчі і найдорожчі люди на мене кажуть Ясочка чи Суперовська ;),0
"дієти в пабліку ""40кг"" мене веселять",0
"Тоді із задоволенням проголошую своє тіло святим храмом страхів, ненависті та саморуйнування.",0
"Імей зараз не скажу, не забрала телефон з сервісу",0
Купила вже дитячий шампунь мандаріновський.,0
"та ми, бля, сваримось частіше, ніж дихаємо",0
"дідо був кращим цимбалістом області, а я можу хіба талановито домахуватися і робити нерви людям :3",0
Сам знаєш яких тобі снів :D,0
Крокодиляче шмаття-взуття взагалi дуже зручне =),0
"Символічний 10ий день оф #твімандаринка. я, відверто кажучи, ніяких змін не помічаю :) а ти, ? :)))",0
"Ясна річ, за кохану людину хвилюєшся навіть коли особливих причин для хвилювання нема - бо ж вона найдорожча! =)",0
"Серджусь, що українською якісного майже нічого не бачу.",0
"А В Домбасє – підкреслено визнають окрему від України ""незалежну"" територію.",0
"Астронавт – це той, хто здійснив політ на борту американського корабля.",0
"рєбята я розумію хайп навколо Сердючки і все ж, на Подерв'янського шо ніхто не йде?",0
В хаті знов срач) ну а коли прибирати?),0
"грає Сплін, не заїжджений репертуар: Терпсихора, Двуречье, Корабль, Император і шотобудедалі",0
факт про Діму Білана мене особливо насторожує),0
"африка! тобто.. ця, як її RT  Еврика!",0
"буде, особливо якщо її будуть сканувати декілька разів:",0
Я просто застраглив дати визначення ось цьому.,0
"Бісить, блін, що люди приходять, топають ніжкою, і вимагають тебе просвітити в ЇХНІЙ ЖЕ спеціальності.",0
"Я проти заборон, але про бухло підтримую.",0
"Для цього на бланку мені треба було намалювати іконку того, що мене лякає.",0
"Жиза женщіни, яка не вміла концентруватись на роботі.",0
Шось останнього я ніколи не бачила.,0
"Не люблю розмови про те, що колись у СРСР щось коштувало 3, 5, 8 копійок!",0
Найкраща ідея на обливаний понеділок у Львові - виїхати зі Львова,0
"Знаєте, терплю то хамство в Україні від людей, терплю.",0
"Ми запалили її, стерли пил з надгробку й повернулися в офіс.",0
"Облилась кавою і тепер я як розмазня, а мені ще в відділ освіти йти.",0
"Бразильці казали, що гратимуть для Неймара.",0
Ти просто не ЦА) Тут конкуренція з монстром олх іде за рахунок нав'язливої пісеньки і вдовблювання в голову.,0
"...Я дуже люблю нашу чудову радянську столицю!"" =)))",0
"Прокинулась серед ночі, бо замучило сумління за те, що не помила каструлю.",0
"От вам всім життєва порада, прислухуйтесь до неї і все буде окей",0
"Порадьте, що можна корисного і практичного почитати на цю тему?",0
"- Не хочу плагіатити Біблію, але перетворення води у вино - ніштяк!",0
інтерв'ю з нібито побитими мєнтами з кмда.,0
"Окей, гугл, як справитися з факапом, перестати трястись, як заячий хвіст і робити великі діла?",0
Ти ніколи ні для кого не будеш особливим.,0
"Святу - не роблю, знаю її гріхи, але цим процесом і вироком обурена.",0
"Йдеться не про смерть, як таку, а власне про втрату, якщо ти розумієш, про що я.",0
"Нагадайте мені, будьте такі ласкаві, як голосували за зняття депутатської недоторканості леворуціонєри – антикурвапціоньєри коли Президент подавав її вперше?",0
"Це тебе (не тебе, Боже) теж стосується!!!!!",0
А тим часом у Львові нефігово засніжило,0
Ще в них є Ведмідь на ланцюгу.,0
Побував на презентацiї SUP в Києвi.,0
Вираз обличчя Потапа : заберіть соплі зі сцени,0
"та нафіга мені заочно, тільки наука, тільки хардкор",0
"Моя улюблена рубрика ""смм від Бога"".",0
"- Ти що, піти з авіації!..",0
"Прикол в тому,що я про це від вас дізналась =)",0
"Пєсков не зміг дати чіткої відповіді, коли Пу з'явиться на люди.",0
"Я баба, мені можна, шей блондинка, а це страшне діло",0
"близько 40хв. чекав маршрутку №13.. зате, виявилось, в ній проїзд - 2грн, що стало рідкістю..",0
"Цікаво, мене з'їдять за те, що я сиджу під час гімну?",0
"Ковтаю серію за серією, але мені далі нудно.",0
багато чоловіків таких як я дуже люблять що ви знали),0
"Навіть заблукавши, ти можеш вказати комусь дорогу",0
Гуляю собі галицьким селом тихою дорогою.,0
"якшо про салат, то ще моркви туди і родзинок.",0
"RT : На Лєбєдєва-Кумача повирізали величезні кавалки асфальту, рИмонт блін",0
"Штірліц, який був близький до провалу.",0
Саакашвілі хоче поїхати реформувати грузинські тюрьми з середини.,0
О_о RT : який нахєр демонтаж???,0
Щось не подобається мені вираз обличча Пороха.,0
Нині  показав мені #кийкіно.,0
"Ахахп ото велика честь для мене Дякую, приємно  То моя улюблена пісня, так для справки",0
"напряжонно ждьом ОМОН, і болєєм за нєго жє.",0
"Це проблема твоїх пріоритетів, а то мудрість",0
"а чо кольори не розгребла?)і хіба то вікторина була?)там пацани (омг) шукали, то паходу висадились) можу валідольчику підкинуть",0
"В поїзді люте пекло, ніде яблуку впасти.",0
"Фільм- це двогодинний кредит довіри, який ми даємо режисеру.",0
"єдиний спосіб уникнути спойлерів - не заходити у тві( і тамблер, і фб, і інші соцмережі",0
"А потім дивуються, звідки стільки інформаційного шуму і пропаганди.",0
"Господи, у мене залишилось останніх 5 гривень, КУПЛЮ-КА Я АЛЬБОМ І МАРКЕР",0
"Синок - син Масяні старшого(віддав богу душу взимку, старий був).",0
"Сильно дратують повільні люди, особливо, якщо це - твої колеги",0
"Коли приписували цитати Вольтеру, я мовчала, я ж не Вольтер.",0
Б Е З Г Л У З Д О,0
Ми з Ксю пішли годувати продячого кота і гладити його.,0
"цукрові лимонні дольки - ось те, що мені не вистачало від кіногного дамблдора",0
"буде нова подача, бойова) принаймні, я для цього роблю все",0
"Малолєтки, але пацан на дорогу під машини вибігав щоб втікти",0
"Люблю, коли в мене хтось гостює.",0
Подруга:Що ти робиш вночі як не спиш?,0
Відео про любов і преданность  #ДаблТато,0
Тільки за таких умов все  можливо,0
"я теж обома руками за те, щоб заблокувати фкантаґтє на території України.",0
Хочу якимись хитростями й перейобами змінити графік.,0
"А до мене звертаються по інформацію,як у довідкову,",0
"Сусідка вже хрін зна скільки харчується лиш сємашкамі, сушеними анчоусами до пива і, власне, пивом.",0
"Кажуть без шолома можна отримати штраф (але на щастя, поліція мені не трапилась).",0
"Щойно якусь таблетку через ніс внюхував Мама сказала, що добре виходить))0",0
Біля мене в кав'ярні сіла ефектна блондинка і так смачно курить...,0
"Так-так, я теж так кажу, коли випадково коробку еклерів купую - що я зроблю))",0
Ліпше вже за пляшкою вінішка під Сковородою,0
"ну, справді, він купив мені яблучка!",0
"Що ж, на Печерськ не вїхати) Дивні, не пускати авто на бляхах, значить їх нема?",0
"Я працювала в бібліотеці у ті часи, і в нас в колективі не було жодного ватана, принаймні відкритого.",0
Вони не визнають нас як незалежну від них країну.,0
"Коли мене питають,які фільми я вважаю гідними,без проблем скажу пару назв.Може,вопрошающий і знайде в них щось своє..",0
"Абідна коли відписуються улюблені твіттерські, а програма то всьо палить відразу і кидає сповіщення",0
"Ти ніфіга в житті не бачив, якщо ніколи не губився на берлінському Хауптбанхофі (центральному вокзалі).",0
"Ось, тобі розповіли, що станеться з твоїми улюбленими героями і все, збережений не тільки твій манікюр, але і нерви.",0
"Океан Ельзи - це вам не мода, це душа",0
"#паперові_пристрасті  Цією темною ніченькою ділюся з вами одною з найпростіших квіткових інструкцій (в картинках, не люблю відео).",0
"Щяслівьіє жьітєлі ""хоть камні с нєба"" вже читали?",0
"Йду собі додому нічним Києвом, підрізає джип , вже висадився, а з вікон пацани ""Krus прівєт"" кричать)",0
"Я просто хотіла це написати, бо мене досі не попустило.",0
"Ваших обличь так багато, а моя вагіна одна, на всіх не пересидиш(",0
"Копчик - це маленький поліцейський, каблучка - це маленький каблук, а кульчик - це маленький Кульчицький :)",0
"Люба  вітаю тебе з днем народження!Усього тобі найбажанішого,нехай у твоїх чудових оченятах завжди блищать іскорки щастя!",0
Знайшов єдину проблему міста Вишневого - тут на ялинкових базарах скрізь продають тільки сосни і не продають ялинки.,0
"таваріщі-програміста і до них прибліжонні, шо там мона на диску С видалити шоб місце звільнити?",0
"Зараз би їсти даблчізбургер і запивати водою, читаючи книжку про спорт.",0
Я не хочу втрачати ще одного близького друга!,0
"Твою позицію я зрозуміла, хай так.",0
"А ще зранку порвала улюблену футболку, на джинсах червона пляма і я, скоріше всього, запізнюсь на потяг.",0
"по-моєму, це традиційно у них на заходах, але всеодно люблю )))",0
"з такою камерою, як у мене, лиш сіськи фоткати ахах  А на твою ще норм фото виходять справді.",0
"Ми з тваринами на wyspie słodowej, підрулюйте.",0
"Останній шматок хліба з рота вирвуть, чєсслово",0
"Ніжністю тебе обнімаю,притягую,маню.Поглядом шукаю,не знаходжу,зову.Посмішку дарую,просто так,люблю.",0
"то тільки мене пре зі всяких Мізантропів і саркастично-цинічних пабліків? а я ж наче добра, біла і пухнаста...",0
"Це ізраїльський проф, можна самій вдома юзати.",0
"Я люблю обліпиху, але обліпихове морозиво там мені не зайшло.",0
"Люблю тебе, Душа  Дякую, що є",0
"Обов*язкова наявність реєстрації в паспорті"" #яДонор для ",0
Хештег: сучасна українська філологія #сучукрфілоло,0
Не хочеш проблем — менше говори.,0
"блін, сьогодні фізра.. боже, можна я напишу, що мені #лінь",0
Це колосальні гроші і величезний важіль впливу на пересічного українця.,0
"Перекладається як ""придатний"", ""належний"", ""пригожий"".Майже ідеальний.От майже-майже.Дуже близько.Але не ні",0
нам з Іванком це особливо потрібно :(,0
"ох і набажали тобі сьогодні всього, лишається тільки приєднатись, обійняти і сказати, як я тебе люблю!",0
"..Вона не геть дурна,працю€ нормально,можна поспiлкуватись на рiзнi теми,але тема дi€т - улюблена",0
"Повернуся до Шостки, зроблю її своїм королівством і проголошу шосткинський сир 8-м дивом світу.",0
"Якого хріна я вже подумав,що чогось вартий і щось піде так як я нафантазував...",0
"Як і будь-яка адекватна людина при здоровому глузді, я надаю перевагу страху жити та безпробудному п'янству.",0
А нормальне спільне фото тільки в касочках.,0
"Накидайте, пліз, виробників мінімалістичних срібних прикрас (сережки, ланцюжки).",0
Трамп зацарює і Путін відповідно нападе.,0
ше би) Ти би чула як вона афігенно співає.,0
"Ні хлопця,ні сексі одягу немає вже..Але він такий суперський!",0
"Ааааааа, не люблю, коли мене навіть більшість близьких чіпають, а щоб інші...",0
Старосвітська балада (Із янголом на плечі),0
"але твіт Яріка, як співвласника , був образливим.",0
"І подумала, що це ж загальна фігня!",0
Чого ж я тоді не люблю себе?,0
"Чищені мандарини - без історії, емоцій, фу.",0
"Якби моя мама мала твіттер: Люди, як змусити дочку прибирати у себе в кімнаті?",0
"Або всім пока, їду від вас.",0
Хатина рибалки посеред річки в поліському селі Старий Солотвин.,0
"Всі так скучили,що хрєн хто запропонує зустрітись.",0
У нас з  щойно був батл моб. інетів.,0
"Раз написав, Львів хто гуляти хоче.",0
"Не хахахай, ти ніфіга не ржеш",0
"Та не хочу я цього всього, я хочу картошечки!",0
"пощастило, чи точніше не пощастило. у моїх подорожах зазвичай факапи траплялися на першому ж перельоті :)",0
"Вийшла з кабінету, злякалася Женю, який тихо йшов коридором, накричала і сказала, щоб з дзвіночком ходив.",0
"шо за маленькі жінки, погуглю. касабланку я в кіно бачила (тут має бути шуточка про те, яка я стара)",0
Бумбокс - Самальотік #np  Як же я її люблю..,0
Я недавно з'їла миршавий шматок чізкейку з шоколадною поливкою і висипало на обличчі :(,0
"Принесла їй перший том ""Другої статі"" Сімони де Бовуар і яблучко.",0
а може й варто було почати слухати композиції  раніше. от Inside наприклад зараз дуже добре вливається всередину,0
"І, до речі, щось не бачила, шоб хтось сказав дівчині ""Фу, ти надто худа, піду до жирнішої"")",0
Мої навушники на фоні просто дєтский лєпєт)),0
"А, в тебе тоже з тим проблеми?",0
"А потмі ти ниєш, шо ти сокіабле",0
Якщо в тебе є сили і натхнення — моя повага.,0
10 причин чому я люблю    передаю естафету   Треба написати 10 причин чому ти любиш якогось твіттерського.,0
Не бачила своїх рєбят з суботи і сумую за обнімашками.,0
Настав час замерзнути в холодних насипах снігу.,0
Ледь не для кожного Марвел має супергероя.,0
"Комуністи публічно вшановують Леніна і Маркса, а не публічно - Джорджа Вашингтона",0
"Я: дістала тампон, розстібнула штани, вставила його під акомпанемент з поглядів і перемовок.",0
У кота наче маленький член і цицьки намальовані.,0
Генії люблять народжуватись в цей день (с)   (Так скромненько про сьогодні),0
"8)) Та я їсти м'ясо не дуже полюбляю,-не вегетаріанка, звичайно, але й не фан м'яса=)",0
"я хотіла шось пафосне написати,але згадала,шо людей мало валнують проблеми та заморочки інших)",0
Чорти не полізуть 8) *а найулюбленіша з заспокійливо-приспляючих однаково лаванда,0
Я: Ну вот ти і відповів на совє питання),0
"Ще трохи, і я боротимуся за нудизм, бо купувати одяг нема сенсу.",0
"Люблю Україну у сні й наяву, тому що секс у мене тільки там.",0
для них мав настати особливий час і от сьогодні вони самі покликали :),0
"Прийдіть, заваріть чай з імбирем, нагодуйте лимоном, апельсинами, допоможіть - ось це піклування.",0
"«Україною правлять люди, які її не люблять і яка їм чужа».Ліна Костенко",0
"Та шо вони тільки не роблять, чешир щей мурчить, як ненормальний",0
"о, так, афтермуві це ж найоб'єктивніший показник фестивалю",0
От виросту і стану крутим мікроблогером.,0
З ким іще мені так приємно говорити про пошлості?,0
"Я не кажу, що вам треба триматись осторонь таких дівчат, та все ж, не закохуйтесь",0
#ERROR!,0
"Люблю Київ, але західних людей тягне періодично на захід",0
"Страшенно не люблю фрази ""з ноги вибиваю двері"".",0
"люблю квадрат,напевне через це любов до квадратних книг,якось саме з такими мені поки випадає нагода працювати.Виняток—книга  :)",0
"не йди, Квітуся, вони анфоллов роблять :( сс",0
"врахуй те, що коти теж будуть нормально кричати)",0
"Рібят, а є хтось з Житомирської області?",0
"Але я от посеред дня п'ю пиво, а мама ше імбирю з медом мені туди додає",0
"як я люблю історичні фільми. я просто як поведена. щойно додивилась ""Молоду Вікторію""",0
"А для козерога?)) Бо з близнюками у нас сложно, но возможно)) тіки не кажи, шо Телець чи Діва)",0
"І про культурку на радіо НВ. розшифровка інтерв'ю Жадана: ""Як писав Тарас Прохасько: “Нас немає, зірвати будильник”.",0
"я думала, що одна лишилась серед поціновувачів, яка не встигла досі осилити)",0
"Люди, що особливо чекають літа вже ходять самих шортах, без футболки навіть.",0
"Але тепер все одно віднесу, ібо ж блін, зря старався?",0
"“З іншого боку, ти ж сам розумієш, що бізнесу щоб віддавати щось на благодійність, це щось треба заробляти))” (ц)",0
"Ну нє блін, я мусіла літом простудитись...",0
це дуже печаль і сум. в динамо блюз не пускають вже,0
"Вибір у закладі: гидотне нідерландське біле, блювотне темне, і бельгійське безалкогольне.",0
"Я тобі казала, у нього проблеми з потягами.",0
"Я народилась в Росії, але Україну дуже люблю.",0
"Щойно бачила вакансію ""копірайтер, блогер, журналіст"".",0
"Усе вказує на те, що ти робот, який мріє стати людиною.",0
"А є ті, хто навіть заледве пошлих думок не викликає.",0
"Прийшла додому- засинаю і вирубаюся...а що роблять ті в кого діти-уроки, вечеря, дім, пес?",0
Я лежу під 2 ковдрами і одіялом.,0
Мені ці бездротові мережі снитимуться скоро.,0
Стільки зірок я давно не бачив #радунка,0
"та от нарешті вирішила проблему, що пару ночей не виходила))",0
"А нє, все ок тільки що підрізав утоптаний гольф на бляхах.",0
"відчуваю,що і я так зроблю.Немає бажання йти далі.Якщо не вийде вступити в ЛНАМ на спеціаліста,не продовжуватиму.",0
Вирішили ми трошки передихнути і лягли на блоки позасмагати.,0
Ви ж проголосуєте за Жадана і Собак? :),0
"ага, є такий - інститут благородних дівиць ;)",0
"Дякую водієві, якій зберіг трішки зарядки на моєму плеєрі",0
"Правий сектор - це об'єднання УНО, УНСО і Тризуб, - розказала близька до них людина #євромайдан",0
Рад ты мне или не рад.,0
"швидкість світла vs. швидкість зникання мандаринок у невідомомму (ладно, відомому) напрямку",0
"Ч: Ната коли ти вже напишеш вішліст Я: все шо там буде це померти.. а шо нєплоха, ми тусим",0
"Хіба що ти мусульманин, який притримується Рамадану.",0
"Пісня ""Злива"" розривала під справжню зливу надворі:)",0
А взагалі найкращий сервіс доставки — це .,0
Чуваки залізли наверх і зняли його великий банер.,0
Вперше я читала улюблені вірші комусь просто так.,0
"Оці кр з останніми рівнями, де твір-роздум.",0
Наче про нього статтю критичну накалякали.,0
мажорний блогер #галужнету   готується виконати #icebucketchallenge,0
Звемо її Баблотрекер ))) Сьогодні перший тестовий день!,0
"СЕСТРУ!!!! чи дівчину, може домашнього улюбленця.",0
"Я читала Біблію, Коран і Гаррі Поттера.",0
"а от і не правда, нічого я не випендрююся.",0
ммм люблю коли хтось ревнує :),0
"Мда, як же любить народ щось густеньке біле.",0
"Мама: сказала татові, щоб більше не купляв Карпи, навіть якщо проситиму.",0
"...А прикол в тім,що роздруківки з цими чудовими словами Омара Хайяма вішають у держ.установах,де полюбляють хамити відвідувачам =)",0
А я тут з розумінням і усвідомленням світу.,0
"Спи, моя люба, усе засинає, Попивши на ніч з ріки молока Циферблат будильника Поріс сухим очеретом, дрімає #Лишега",0
І все-таки Тві - найулюбленіша соціальна мережа!,0
"А ще, мені тут молода 22річна дівчина розказує про проблеми безпліддя.",0
На фото інфо про Саню якого вбила блискавка.,0
Вони будуть в Оушен Плаза на Либідській RT : KFC таки має зайти на український ринок найближчим часом.,0
"Тому, хто першим пришкандибає на Михайлівську - сувенір від одного із спонсорів!",0
"бля, я думала ця шутка перестала бути актуальною ще місяці 3 тому))",0
"Це що, Черкаси, чи Чернігів, а може Чернівці?",0
"Є тип фігури ""пісочний годинник"", а в мене це ""пляшка Столичної"".",0
сама ти веган. просто мамка з польщі привезла якогось хера соєве молоко. я п'ю і не задаю вопросов,0
"Та в мене проблем менше було, коли я сама ногу зламала.",0
"Таке враження, шо відпахала 10 років, а ще 2 з половиною роки вчитися.",0
Тримай найдорожчі речі ближче до серця.,0
"Подаруночок молодятам від готелю (@ Greenstone in Херсон, Херсонская обл.)",0
"Не підкидайте мені життєвих проблем, я нічорта не вмію з ними справлятися.",0
Вкотре прокидаюсь з диким страхом жити далі.,0
"Та що поробиш, се ля  ві =)",0
Я шо - схожа на доньку Білла Гейтса?!,0
"нічні Бровари, як же я вас люблю, бо інших майже й не бачу =)",0
"не можна гнати щось рідне, близьке і потрібне",0
"Хліб вже по 4.10, а от видовища у нас на будь-який смак.",0
"Усі такі замучені, кутики губ опущені.",0
"пфффф "": У 15 відчуваєш себе такою дорослою, всезнаючою, а у 18 розумієш, що ніфіга ти не доросла.""",0
"Поки робочі затягували меблі, прицінювалась до їхніх задків.",0
Подзвонив в бібліотеку Urban - є в наявності.,0
#буквар_1  Шас буде момент ксенофобії Якого біса роблять ілюстрації з російської казкової реальності в українському букварі,0
"Нічим.Проблему з літаками треба вирішувати,а не..",0
"Вона мені каже, що найближча потужна точка їхня за 5ки від села.",0
":D "": Дівчата, не пишіть серед робочого дня, що гладите по голівці, я вас прошу)))""",0
"Знищені, перемащені у гівні слова  активіст журналіст громадський діяч небайдужий свідомий Ні?",0
"Цілими установами (під пільним хробацьким контролем), хороводами і інсталяціями, костюмованими перформансами і трусами.",0
"Що мені зараз найбільше хочеться, так це виправити всі косяки минулого, котрі привели до такого от їбаного стану нині.",0
Лаааадно на пару ніхто не прийшов (навіть препод).,0
Якраз моя порція сніданку на ходу.,0
"блін...внесли в списки на BUBA, але не в ту категорію....кому писати, щоб перекинули мене в ""Особисті блоги""?",0
Ой це мій один з улюблених.,0
"Лол Люди, забудьте, то був не Недокач, а фейк",0
Ну от і настав час для #твімагія.,0
"Тільки зараз до мене дійшло, що я - мікроблогер ヽ(°◇° )ノ",0
Бо плювати в мордяку неестетично.,0
"Страшенно люблю, коли вона пише ""Акордінг ту Велімир..."" ))",0
"Включив серіал, а він волає на всю хату як парнуха",0
ухніфігасєєє Дипломат  Виходить я грошики буду файні заробляти? ;D Дякую),0
зібрала своїх улюблених сусідів:) п'ємо чай і дідове вино),0
"Люблю дізнаватися, що я в когось заблочений)",0
"Снилося, що бавлюся в слешер на зразок Діабло, і не знав, як пройти південну локацію.",0
"Таким чином, бурундук важить 23 роки""",0
Ірина Федишин - це якась загублена донька Ірини Фаріон?) ні? а чьо тоді такі схожі?),0
"А пострадянські чоловіки направду чомусь люблять думати, що женщіна буде довкола них скакати, а вони будуть крутити носом.",0
"Ех...RT : Боже, яке це блаженство приходити домому в 4 годині...",0
"Народ, а ви чули, що зараз модно бути не блогером?",0
Я часом переглядаю сторіз орландо блума і щиро дивуюсь його по-доброму сільській домашній простоті.,0
Люблю аудіо-диски з прописаними тегами. крайній ольбом  под названієм Green саме такий #раджу,0
Для Івася!: У січневу п`ятницю На 30-є число Десь приблизно на світанку Народився наш Іванко І сьогодні в рокови...,0
"- Корм для попугайчиків, це називається) - Ой, а воно смачне!",0
"NEXT - якість афігєнна, крутіша американського картерс.",0
Чому їх і справді не можна видерти?,0
"Треба говорити правильно, я ж читаю багато книжок.",0
"Люблю аху *жартує погані жарти, шоб здатися дуже смішним*",0
"Ніколи ще моє жіноче та чоловіче ""я"" так згуртовано не потирали руки в хмільному передчутті.",0
У ацтеків і майя була популярна гра в м'яч.,0
"Я теж, можливо, підписувалась на вас виключно з ввічливості....",0
"Йой, знайоме обличчя в стрічці, радий бачити..",0
Які ви ще пам'ятаєте старі крилаті фрази з епічних руцкіх відосів?,0
В чому прикол лайкання всього підряд?,0
"Друзі, на в'їзді в Чернігів встановлені блок-пости.",0
От у нас одна мама щотижня строчить заяви на ім'я директора.,0
"Я всього брауна прочитала, того вважай, що я тебе засосала.",0
"вечори з дівчатами такі ідеальні. вже написала повідомлення , що люблю їх.",0
"Святкуємо Спас в офісі: яблука, груші, мед.",0
"Той момент, коли мама дзвонить, щоб запитати, чи бачила я свіжий срач в ФБ.",0
І в тебе просто суперські цілі!,0
"Та нє, хєрь якась, я ж також гордий чи шо.",0
я ж не просто так пішки люблю ходити. розумієш тепер…,0
"Ходив у банк, і мені сказали, що краще піти у своє львівське відділення. jebaited.",0
"Кайдаші то ор, почитай, досі улюблене в українській л-рі:)",0
"держава гарантує недопущення кримінального переслідування, притягнення до відповідальності учасників подій на території Дон., Луг. областей",0
"блін, такий цікавий твіт пропустила :D",0
"Або я нічо не понімаю, бо я тупа",0
"Та там такі проблеми що будуть усюди) колеса, гальма і армотизатори",0
"Я люблю всілякі психотерапевтичні прийомчики на дитині застосовувати  ту ж казкотерапію, ніби просто, а реально діє",0
"Ще дві зупинки, і зовсім пізнаю дзен.",0
Мені від початку було цікаво його читати.,0
"От шо ви співаєте ""буде пити, не п'яніти від дешевого вина""?",0
"Жалкую про те, що я тут, більш за все",0
- Щось я давно твій блог не читав.,0
"Ну я не за колір, а за зручність люблю.",0
"Тинка, нам всім цікаво який він в ліжку.	0
От якби Роулінг написала взагалі окрему книгу про життя Дамблдора...	0
Мішенька Круг — це моє улюблене guilty pleasure.	0
Тут є ше хтось такий, як я?	0
Зависокі очікування від себе, але як з цим боротися я не знаю.	0
як мало людині потрібно, щоб наїстися зранку — рівно одне зелене яблуко і стакан кефіру	0
Особливим дітям дає шанс на рівну освіту й рівне ставлення, а інших вчить бути толерантними.	0
А ще розумієш, що порошок було всього-навсього замінено на рідину і що треба якось гальмувати.	0
Якщо нудно, можно зайнятися геометрією, пошукати прихований зміст чи пробудити внутрішнього Архімеда.	0
Д.М: Та ладно тобі) *виправляє все на плюси* Прикаліст блін)	0
Розбилась чиясь надія заснути сьогодні щасливим …У блювотинні чи під зручною лавкою.	0
Люблю лазити по медіафайлам як підписоти,так і геть незнайомих челів.	0
Але коли була донором там - мені його не дали)	0
І я не люблю цю волосню на обличчі, але на моду мені пофіг, головне що мій чоловік не бородатий	0
якась така фігня снилась не можу пригадати, що саме, але неприємний післясмак дурного сну залишився	0
Але я маю право на власну думку?	0
Перед тим як постити, чищу блог.	0
Наступним стане #ТижденьБезМімімі RT :  #мімімі рахується за ниття?)	0
про те, як дівчата дивляться футбол:  - Може, шарфик купити?",0
"Хочу стікер на телефон із написом «Не забувай ""закривати"" комою підрядну частинку в реченні, бовдуре!».",0
"Дуже люблю рожевий кварц, маю з нього сережки, намисто, браслет, каблучку.",0
як настоящий адепт #стрес_турізма я просто не могла цього не зробити тому...,0
#ДобреБутиДобрим RT : Купила кг мандаринок і роздаю сьогодні цілий день.Приємно відчувати себе миколайком:D,0
"фігасє, красавчік)  Го потім з нами?",0
Моя нова улюблена пісня!!!!!!,0
"доброго дня, спросоння, дивно так, геть розгубився, де я, хто я, що тут роблю?.. може підкажете, нє?",0
"блін, і мені 15 ШО ДЄЛАТЬ Я НЕ КАНОН 15РІЧНА",0
"пам""ятаєте, мій нещасний блог потрапив до огляду україномовного інтернету? тут є мій діалог до огляду",0
"Замовлення є, робота є, все працює.",0
Якшо ти пириїхав в город і намагаїсся стати городьським-то сьороно не стидайся свого педосяцтва!,0
"Ой, як ж я люблю крекери *о*  Це прям ван лав \о/",0
"Еее, люблю цей тип ""патріотів"", що форсять прийняття російських законів та культури в Україні.",0
Є у мене якіто фоловери з Фастова.,0
Все життя збираю себе із гімна і палок.,0
"Крик з кімнати «Лєра, сфоткай мою жопу!».",0
"Звідки ви знаєте, що вони невинні?",0
"Як же бісить, коли купуєш шось з чоловічої косметики, а тобі ""Дівчино, це ж чоловіче?!"".",0
"у мене новий улюблений канал - ""Бігуді"". така жиза-прежиза. плачем всім нетворком",0
"От рєбятки я нікого стараюсь не обзивати, якщо й тролю то галантно.",0
"Поскаржилась братові на чоловіка, розказала про сварку.",0
"потім Крістіна пішла втикати ""Гаррі Поттера""  підряд обидві частини 7 фільму.",0
"#лім_111 #61 Люблін ""Якщо англійці є росіянами Британії, то шотландці її українцями, а валлійці - білорусами.",0
"А ви - анонім, який прочитав 100 томів літопису УПА))",0
"Люблю Латвію за те, що в нас є пінка з аґрусу.",0
"Любителям полоскотати нервишки раджу фільм ""Синя безодня""(47 Meters Down).Якщо ви,як я,боїтесь морських глибин,взагалі кирпичами сратимете",0
"У мене сльози на очах після його повідомлення,сльози радості. люблю свого брата.",0
#шахи команда #Україна на  60та за силою з over9000!!!,0
Спробував відновитися з TM бекапу — «сірий екран смерті».,0
Терпкий виноград – такої б нам любові.,0
"Потрібен якийсь міцний мужик для цього, а вдвох - це вже не самогубство, а вбивство.",0
"блін, там треба карткою розраховуватись. а в мене ел. операції заблоковані на ній( тоді може просто забронювати?",0
"В #Саморідня холодно, а тітушки,легко одягні голодні і налякані блудять нашими міні-карпатами.",0
"І це страшно дратує, але й страшно бісить.",0
"Студія ""Аґрафка"" про улюблених польських книжкових дизайнерів",0
"Around The World, порадували старічка-мікроблоггєра #RHCP_Kyiv Флі шось тре про пуссіз :)",0
"Третій день підряд рбіцяю собі,що приберу завтра і,нарешті...вже четвертий день,як приберу завтра.",0
Спілкуюся і думаю одночасно двома мовами.,0
Ердоган схоже знову ворог Numéro Uno.,0
Чому ж ти цього не бачиш?,0
RT : У Львові римо-католики відзначають 10-річчя візиту блаженного Папи Йоана Павла ІІ,0
"Мужик, в тебе півтора к підпісників в інстаграмі, як ти, бляха, моментально помітив, що я відписалася?????",0
"як я так провтикала((( я б приїхала... блін, грустінка",0
"Тут чуже дитя спить, дихаючи в шию, а в тебе купа ніжності і любові всередині.",0
"Проктер&Ґембл зробили таку рекламу про олімпійців і їх мам, що я реву.",0
"вчений у відео говорить ""Я не розумію чорні діри.",0
"Ми тут встали на вуха і перероблюємо всю верстку нинішнього ефіру, який за 2 години.",0
"Карочє, рєбят, це різдвяне диво, бо я включив #Grand_Tour, а тут якраз різдвяний епізод",0
"Замордовані непосильними податками & комуналкою громадяни гребуть ялинки, аж тріщить.",0
- Взагалі-то це останні літери у коді вашого замовлення.,0
"Бо так волають, ніби сходили, перевірили і фо ріал знайшли зраду.",0
«Я вперше чую від тебе мат» або про мою реакцію на загублену картку з усіма грошима,0
На секунду виникло бажання вмокнути шматок яблука в майонез.,0
"Особливо, якщо ти інтроверт і тобі приємніше спілкуватись поштою, а не наживо)",0
"Останнім часом мене не покидає відчуття, що я все роблю не так.",0
Вперше просидів якусь хрін не дарма,0
"Нє бойся, мальчік, бліже, падайді",0
любооооу!!!  а в мене навпаки дохєра всіх на ринку буд.матеріалів))),0
"Побачила картинку і згадала, що російські книжкові ""дизайнери"" дуже люблять Дженсена Еклза (це той, що Дін Вінчестер).",0
"У всіх там  якісь серйозні штуки типу хотдеск, hr-бот, доставка їжі, підбір фільмів по жанру.",0
Гм.. прилетіла якась обнова і телефон ожив.,0
"Подарував мамі на день народження, і самому захотілося.",0
"Наприклад ""Так зі мною себе не ведуть"".",0
"Вимикає.А кажуть,що чоловіки натяків не розуміють.",0
"так, коли я зла, нецензурщина з мене просто сиплеться.",0
"В смислє блять, люди туди що, їсти ходять?!",0
"Я нервуюся, чим нервую себе ще більше, бо я себе такою не люблю",0
"Виявляється, хочуть, щоб я фотку в паспорт вклеїў.",0
Моє останнє хобі birdwatching щось не дуже мені йде.,0
перенесла зустріч на середу. пообіцяла зустрітись.,0
Прибирали з братом з нульовими настроями.,0
"Чуваки, всьо пучком, я досі овержирна.",0
"приємно отримувати від життя неочікувані бонуси, але мінімальне покращення в тому, чим вже давно харишся, була б значно приємнішим",0
"Я тебе розчарую, бо з 2012 року ""кофе"" в російській мові і чоловічого і середнього роду)",0
"Христос учить, що царство боже в нас.",0
"Залишала на смітнику стару улюблену сумку, а відчуття наче домашнього улюбленця",0
"Стосовно твого запитання - так, я застряг.",0
Мої загребущі руки дійшли до «Сяйва» Кінга.,0
Улюблене було б св'ято у сусідів – інфа сотка.,0
"Сама прикольна новина: паралельно з нами? завтра   і ще хтось проводять свій захід по #ДІ, з назвою (sic!)",0
РОА & одна з нашивок русько-фашистського підрозділу.,0
Аби хоч шось було в порядку.,0
"Зара бухий мужик попер переходити 4 смуги, і всі машини перед ним розступилися.",0
"Я мала на увазі саме середньовічне й не українське, раптом що.",0
Це в першу чергу твої очікування.,0
"Єдине, що гарно виходить в нашої безкоштовної медицини - настрахати пацієнта.",0
Чорновол Тяню нефігово так закидали яйцями),0
"Шарить, шо червоне і чорне - то дуже звабливе поєднання.",0
"я теж перед цим про то подумав) І пофіг, які будуть решта голів)",0
"Взагалі дуже забавно, як дрібниці повертають тебе до життя.",0
"Аж ось прийшов час срочЬна міняти машину (бо багато жере) Продати дорогу, купити дешевшу",0
Ще одні знайомі в Канаду емігрували.,0
"а пінку не люблю. взагалі не люблю засоби для укладки. мені тоді здається, що в мене брудна голова",0
"Поки я від'їдаюся олінклюзівом, мені прислали пропозицію роботи.",0
"хіх)) світ все ж дуже тісний) та нічого особливого,то творчі будні,в яких багато несправедливості і дизайнера часто не слухають)",0
"А бабусині блінчікі буду їсти, хай скільки суржику б в них не було",0
"І зараз, коли є ціла купа яскравих соціологинь, їхні імена губляться на фоні збронзовілих портретів Контів і Веберів.",0
"ні, якщо ти кожен день у військовому, то це тільки значить, що ти належиш до жіночого, особливокрасивого спецназу :)",0
RT : Прекрасно вийти надвір і почути запах квітучої вишні,0
Прагрєсівна маладьож прийшла на #TEDxKyiv2016 i лишила після себе купу срачів (сміття) під стільцями в залі.,0
29 січня о 15-00 у музеї Тичини благодійний концерт для...,0
"Лежати під ковдрочою краще за всі ваші любові, секси, червоні дипломи, перспективні роботи.",0
"як рахуємо цей варіант? ні вашим, ні нашим?",0
"Та не псіхуй, чого ти.",0
"Ну звісно ж, перечитати детальну біографію Кнута Гамсуна!",0
"Виявити, що замість трьох місяців на всі сплановані на літо діла в тебе один.",0
Просто в близькою подруги чоловік - Максим.,0
"тоді роби запрошення або їдь з якоюсь тургрупою, вони все зроблять",0
Мене від цих двох пісень так нефігово шторить.,0
Уявна республіка Між | Збруч:  - чудовий есей від,0
"Дієта ""лінь готувати"" - моя улюблена.",0
"Я лишень пишу за себе, та й по тому.",0
"Слухайте-слухайте, говорить поліція! му-му говорит коровка. люблю украинскую репортажную журналистику",0
"Опа, я згадала що завтра обливаний понеділок...",0
І тільки срач в голові з самим собою якось розбавляє цей скучний вечір.,0
"я до самого цікавого не додивився, але зала була дуже кльова в якомусь такому середньовічному стилі... і дууууже велика",0
В чому прикол з барикадами на Інститутський я так і не зрозуміла.,0
"Твіттерянки підросли, бо все частіше з'являються чатіки на тему заміжжя.",0
"-Всмислічьки я з вами, то ви зі мною) #з_розмов",0
З клієнтами тільки так і треба робити.,0
"Нєкоторі кажуть: ""Всьо занадто професійно облаштовано, - викликає підозри"" О_О",0
"Все-таки, що не кажи, а у фб срачі епічніші, а персонажі набагато поетичніші.",0
"Можливо, хтось стикався з цією проблемою, та має що порадити, буду дуже вдячна #тві_хелп",0
*** Приймаю замовлення на розмальовані горнятка!,0
Трохи незвично дивитися його в оригіналі з блідими англ. субтитрами :),0
"Плюс, не люблю ідеї ""дівішніків"".",0
"Тому, якшо це четатимуть архерологи майбутнєго, то знайте-мумія, яку ви одкопали на р.Рось під Погребищами-це село Педоси",0
"Коли нам було по 13-15,в 20 ми себе уявляли такими афігєнними,якби ж нам тоді показали нас зараз...",0
"переходжу від надмірної драматизації реальності до ""ета нішто"" за 6хв 25с бльорівської Jets",0
"Блін, як же ж харить.",0
Гена на моему блозі знову рулить)) #Gena !!!,0
Тут всі знають вподобання одне одного.,0
"Ну якщо ти впевнений, що та з/п точно буде рано чи пізно, то  згідна з тобою.",0
"Круті рейки, стрьомні шпали, але чучух-чучух і класно тобі.",0
"Ми так близькі, ми майже рідні - ми мокрі під одним дощем..",0
От і T-Mobile USA «турбується» про мою безпеку — вимагає великі та маленькі літери в паролі.,0
"Я людина, яка переконана в тому, що всі речі колись можуть знадобитись.",0
"Найближчими днями: Латексфауна, Тік Ту, Христофор, театр Лесі, театр на Підзамчі, Меделін...",0
Тому просто надавайте мені по голові.,0
стєпухи немає  :А з аліекспрес замовити нє?,0
А от гоління жіночого обличчя - це взагалі як?,0
"Є дерев'яні – природні, безпосередні, органічні в кожній своїй рисі характеру.",0
"публіка наших цілодобових супермаркетів: нетверезі підлітки, жінки з розмазаним мейком, чоловіки із сумнівною зовнішністю. таке щось...",0
"Лежу розслабляюсь в ароматній ванні з цікавою книжкою...І тут стук у двері і голос:""Ви заарештовані,залиште приміщення!""",0
"Стрічко, серед вас часом нема блондинок з довгим волоссям чи середньою довжиною, які мають бажання підстригтися?",0
Полядвиця на Великдень завжди смакує по-особливому смачно :),0
Хочете жити в нормальній країні – треба платити податки.,0
"Чув сумну історію про чувачка з тактичною бородою, яка замерзла та відвалилась.",0
"Сьогодні бачила дівчину на п‘ятому місяці вагітності в облягаючій сукні, короткій шубці, на каблах і з мейком.",0
"Головний герой підкупає справжнім, непідробним конформізмом.",0
"Ок, Гугл: де поїсти в центрі не на всі гроші?",0
"Мама каже, треба йти до парламенту, блокувати його і не випускати депутатів, поки не поприймають всі потрібні закони.",0
Збираюся бути тут чи там о другій,0
"Наскільки я не люблю Барселону, але треба визнати вони це заслужили!",0
"Двічі в одну річку не ввійдеш, не благай мене.	0
Але, може, і існують неревниві дівки))	0
Фани Динамо і Карпат - їдьте в Днєпр.	0
Типу, соромно взяти і покинути, я ж сильна, я ж перетерплю!	0
У мене у ванні весь час падає поличка.	0
А так, ти далі ідеальний і не мій.	0
Втекти можна від усіх проблем, окрім тих, що в тебе у голові.	0
Про Марічку (ой, вибачте, Машу) Яремчук.	0
Походу нас гноблчть, але є люди, яких гноблять більше.	0
Не впевнений чи вона твіттерська, але те, що фігня - факт:D	0
Отакееееенний список справ, які слід зробити,- і отакесенький зроблених за сьогодні.	0
Я тільки прилягла, і тільки заснула.	0
Нічого особливого, просто йогуртовий бар у Празі.	0
Робустою правда, з яскраво вираженою кислуватою ноткою	0
Думала як новобудова, то буде нормальна публіка.	0
Щойно знову на аварії побував, ось відос	0
1.5 години поки зайшли і годину найти для себе місце.	0
Просто я не вважаю це недоліками.	0
ага. особливо подарунка коханого —1, такого телефону — 2, важливої частини роботи —3, і так ганебно —4 :’(	0
Фітбек я отримувала лише від малознайомих людей чи від взагалі анонімів.Але мізерна кількість.	0
14 лютого розумієш то особливо чітко	0
Але не для зовсім новонароджених крихіток.	0
Маяковський накидав на маладих антикурвапціоньєрів & журнаглістів до того, як то стало мейнстрімом.	0
А хтось може їхатиме з #Харків в  #Київ своїм транспортом найближчим часом?)	0
Абсолютно всі і постійно, що навіть себе вже серйозно не сприймаєш.	0
я не довіряю людям в яких немає проблем	0
ммм...дякую,дякую))) я безмежно люблю отримувати листи^^	0
Зліва від нього син, справа – дочка.	0
Бридко тому, що в кожноi людини € особистий простiр, в який не хочеться впускати нiкого крiм близьких, коханих.	0
А п'ять із іншої половини я вже здав :)	0
Я мовчу, не буду ж я розповідати що бухав і писав.	0
Поки чоловік у пошуках у мене час на горіх лате :)	0
Можна взагалі осісти і не вилазити.А нащо?	0
Сiли на потяг, їдемо до Львова.	0
Ти зі сторони взагалі ситуацію бачиш?	0
Заходиш на хвилинку і депресняк на день гарантовано))00	0
Блін, на губі вискочив прищик, розміром з Львівську область.	0
Терещенківська - одна із найулюбленіших вулиць рідного міста #Київ #kyivnow названа на честь цукромагната Терещенка	0
RT : Керівництво СБУ ближче до Медвєдєва, аніж до Януковича - Корчинський	0
шкода :/   А я якраз нині німецьку роблю.	0
Обід зроблений моїми кривими але добрими руками.	0
І як часто воно туди ходить?	0
- Він тебе сварить чи спокушає?	0
Я скоро їду в місто Ґрозний, Чеченская республика.	0
Сиджу чекаю поки завариться чай, але одна проблема - воду в чашку я так і не залила.	0
Люди діляться плейлистами, фільмами, діліться списком улюбленого порно.	0
#Львів вшанував пам’ять загиблих активістів Майдану	0
задача на найближчі пять днів. не брати дурного в голову і тяжкого на плечі.",0
"Хоча,в Грузії не думаю,що ти це особливо відчуєш)).Грузини-порядні,гостинні і безпечні)",0
1. Скідаю мамі фотку шо бухаю з колективом  Мама: 2.,0
"Буду вдячний,бо зараз без дєнєг тому що як завжди дурак і не вмію жить ету жізнь.",0
"Типу реакція нервової системи на те, що доводиться жити по-новому, а не у животику.",0
"Після публікації першої книги ""Казино Рояль"" на орнітолога накинувся натовп репортерів і фанатів.",0
Дивлюся пряму трансляцію з Лондона на айпедику завдяки  #дочєвотєхнікадошла,0
"Мене сильно бісили, що я маю бути на балу, в сукні і бла-бла,",0
Ух як я не переживаю вже.,0
"Мені задарили футболку як блогеру від Привата, пішов на вокзал задарив першому ж пацану.",0
"Думала, що знаю вже ледь не всю вокзальну публіку, а тут якісь бабусі блаженні на східцях дрімають.",0
Фі ці слова ж тупо топчик Особливо кеклол є годнота,0
Взяв у бабусi всi старi фотографiї щоб вiдсканувати.,0
"З кримтатарами погоджено, спостерігачі об'єктивні, люди щасливі.",0
Інвентаризація сувенірів у офісі відомого благодійного фонду плавно переросла у інвентаризацію міні-бару.,0
"Скільки таких було викреслено з друзів, всюди.",0
"В такі моменти,в такі дні розумію як сильно люблю свою країну,свій народ...Україна понад усе!",0
"мені колись подруга подарувала дуже класний блокнот, я аж щоденник почала вести, бо на щось щоденно-побутове шкода було брати",0
"Цікаво, такі перли - це вдалі експромти чи хтось завчасно сценарій пише?",0
"Ти панімаєш, шо половину економістів не шарять, шо вони роблять  О, я їх тоже не люблю",0
"Ван-мен-шоу традиційно босий, і це якось зближує, шолі #бабкін",0
"vivalon - український виробник, але роблять круті і якісні моделі",0
Єсі б не леворуція – в жьість бьі нє прєдложьіл.,0
Хаххаа там навіть є якби Тарас помалювався в блондина,0
"а ви вже чули нову пісню ""Обличчя"" Фіолет?",0
RT : Уміляє заборона дзеркалок на фестивалях.,0
"Якщо ті, хто не знає математики, не лізуть до проблем Гільберта, то чому всі люди можуть виховувати своїх дітей?",0
"Та й взагалі, люблю тримати журнали в руках.",0
"RT  Я люблю тебе, мій милий сон.",0
"ай, то все хєрня. зате скоро третій сезон шеймлесс!",0
"нічний адміністратор ок доречі. не таких атлічний як ""ранєтки"" чи ""елєн і рєбьята"", але теж дуже ок",0
Коротко про зміну мого настрою і як я приймаю рішення чи роблю вибір:,0
Легше бути щасливим не знаючи і не аналізуючи.,0
"І собі запощу квіти, шо я, гірше інших дівок?.. =)Р Тюльпани не люблю, а люблю отакі трояндочки",0
З'їздили з викладачем купили 2 пляшки водки.,0
"А моя Альонка зараз як мулатка, правда, блондиниста.",0
"Люблю в неприступних і ""закритих"" жінках відшукувати зміст і теплоту.",0
"Прочитавши 80 сторінок ""Воццека"" Іздрика зрозуміла звідки у  біо, а у  - назва блогу :)",0
"У моїх на цю тему улюблена фраза — ""треба родичатися"".",0
Ніхто найближчим часом не збирається вмирати?,0
В Чендлера була подібна проблема з босом :),0
Ці корейські маски для обличчя - сплашна развлєкуха.,0
"Але от якщо питання таке, в якому всі себе почувають експертами, то починається срач.",0
"Я ненавиджу корупцію, тисну лайк, а вона не зникає.",0
"Типу, альооо, для вас є Інстаграм!",0
Це мій хіба не найбільший страх.,0
"бережи себе, треба уважніше ставитися до раціону! ми (серед усього іншого) - це те, що ми їмо ;)",0
"І пофіг, що настрій ганебний, зате я сьогодні гарна))",0
"пака, хренова п'ятнице і привіт, моя улюблена п'ятничко ^^",0
"серед усіх гумористичних шоу, шо показують по тєліку євравідінє саме смішне",0
а я люблю печінковий торт...как же бить...как бить)),0
"Швидке горіння нервових клітин, Вихід назовні посеред ночі.",0
"Друзі, не забувайте голосувати на конкурі блогів =)",0
ну воно вроді то і не кисле але на середині мені почало таке бути,0
В мене за 2 роки проблем з цим не було.,0
Аж трошки сумно мені від цього.,0
"А в Пафосі,крім крутості й пафосу,мене приваблює форт - обожнюю фортеці й замки =)",0
"кава, чоколядка, облікова політика, #ядурко :)",0
"Я хотів би бути людиною ідеї, але занадто люблю тілесне.",0
введи в пошуку «with:public tag:ukrainian» або «with:public tag:russian» — воно знайде багато публічних Хвиль.,0
Тіпа как па дєлу MH17 наприклад.,0
Мене завжди уміляє як Укр. правда в своєму твіттері лічить рєбят.,0
"Хоч наші береги і різні, хоч далечінь між нами ще..",0
"Я посеред цього трешу ставлю крісло-качалку, наливаю собі в склянку віскі і беру в руки томик Кортасара #НеПроАТО",0
"Ти надто полюбляєш спати, щоб бути по-справжньому небезпечною.",0
Чую їх і це зовсім інший світ,0
"Реклама у потягу ніколи не була такою веселою:  фєєчькі вінкс у офтальмологічній клініці, пофарбовані на жовто-блакитне вимикачі та крани.",0
Сьогодні було все дуже чотко  Люблю таке,0
"прийшло натхнення, то вставайте і робіть! я он песто вночі роблю :)) а ви?",0
Коли я ще матиму шанс на обложку попасти :D,0
Дуже люблю цей вірш і пісню!,0
"Я: Випити б кави, але тепер я люблю її менше.",0
з улюблених) раптово: Ukrainian Americans have been present in NewYorkCity as early as the 17th century,0
"Цілий день посміхаюся, бо це надзвичайно, коли люди, з якими ти не знайомий особисто, роблять для тебе особливі речі",0
"Звідкись в мою філологічну магістерську загуляло слово ""дисперсія"", облаштую йому затишний куточок з діаграмою.",0
"Косметику підбирати важко, бо багато на що…",0
"На цьому мій політичний аналіз зупиняється, і я іду купувати собі буксир.",0
"Сусіди вже тиждень роблять ремонт, і я весь час прокидалась під цей шум.",0
"не сказала б: маю хлопців і 20+ років, і 40+ років, які так роблять",0
А це я в твіттер викладу.,0
І ви плануєте зустрітись десь посередині.,0
Я: фоткаю сіськи з різних ракурсів.,0
"Здається, мене надто рано нарекли дорослою.",0
Як ж ті таблетки риб'ячого жиру воняють...,0
Тютєлька-в-тютєльку навпроти входу в улюблену бібліотеку на райончику.,0
"А там бах — і чоловік вже чекає, за сусіднім столом.",0
Кажу як блідий і тверезий 8))),0
-А ти чув шо в Писарівському лісі впав здоровий дуб?,0
"Але навіть у мене бувають періоди: ооо цей грьобаний настрій, коли нічого не хочеться.",0
"Ані жаба, ані собака, ані закрите приміщення """,0
Чи в тебе там 3-ка була?,0
"Нє-нє, я не люблю настільки велике різномаїття.",0
"Ок, тільки врахуй, що йтиме воно тижні три, а може і місяць.",0
улюблена ностальгічна...РТ  Де ти тепер - Квітка Цісик (Міді): Тип файлу:  Міді        Розмір файлу: http://url4.eu/77Hy5,0
які ціни в середньому на шампуні?,0
А ти замість нього нібито маєш її вирішити.,0
"Чекаю оновлення циферблатів в #AppleWatch, як другого пришестя Христа  #AppleEvent",0
"Слова Симоненка ""Любить людей мене навчила мати"" мають стати слоганом для командних лідерів :)",0
"Тихо шумлять ліхтарі і світловик перевіряє партітуру - то там, то тут, спалахують м'яким світлом ліхтарі.",0
"Взагалі фіговий термін ""бар"" а як краще сказати не ясно.",0
"Сьогодні снився , який сидів в будиночку серед соснового лісу, пив каву.",0
"Тві, а яка у вас улюблена пісня,от най-най улюбленіша?#четвер_правди",0
"Як же я арута, бо рука нєбось жахливо затікає)))",0
"#шахи Граю сім партій - три дні на хід. відходив у всіх сімох сьогодні, звільнився до середи.",0
Читайте свої улюблені вірші десь вночі на даху.,0
"Зіроньки мої,бажаю вам романтичних снів < 3 І гарного початку тижня) #цьомкибомки_чаокакао #люблювас",0
Якийсь мужик стоїть і дивиться як я ллю собі на блузу воду із пляшки.,0
"#прокляттіблагословенням #рюс #6грамів #фатум #ххх #слуги #узбережжя Те, під чим їх твічу(",0
Скоропадський веде себе в коментах все-одно як має відношення до сильних тіпів із ПС.  потєряв страх пацан,0
"бліііін, Оратанія – Віддай, блііііііііін, ну зачєєєєм?",0
"Якась благородна донна в фейсбуці образилась, що я сказала, що Коко Шанель ляпнула дурницю.",0
"Тваринні і ""плодово-ягідні"" прінти, пастельні кольори, масивні сережки-підвіски...=))",0
"Жінко, я написала що мають право зробити без твоєї згоди, а не що буде зроблено обов'язково.",0
"Тут недавно Ilan Bluestone випустив альбом - Scars, і він афігенний",0
"Ну, і знову про мапу, просто вишенька на торті.",0
"Люди в наш час -як паперова серветка: в неї сякаються, комкають, викидають, беруть нову...Люди не мають свого обличчя.",0
"Поки ми з Левом дивились на автобуси в заторі, до нас підійшов незнайомець.",0
"О, я теж люблю секс подвійними порціями =))",0
"ну не знаю як там в кого, а в мене на блозі вже весна : )",0
"Throw me to the flames,  Watch me burn!",0
"в часи раннього християнства і навіть раннього середньовіччя бога зображували молодим, як пережиток антисності",0
Зайшла на канал   в тг  Накачала овердохуя класної музики  Пішла переслуховувати..,0
"Обличчя сповнене сумом, думки навчанням, стіл папірцями.",0
"- Окей, тоді повернемося до цієї проблеми 31 грудня.",0
"Квитки на поїзд найближче на 5 травня, з автобусом теж проблема.",0
"Були з моїм Сонцем і звьоздами на мюзиклі ""Привид опери"".",0
.. при чому людей які обробляють дорогоцінне каміння не так багато.,0
Лікар вчасно не побачила проблему і їй тепер потрібна операція =>,0
"щоразу, як блістатимеш - голосуй за меня на  :)",0
Після цієї зйомки я хочу потусіть на вічірінкє в платті в паєтки і в замшевих туфільках на каблуках.,0
Ми ж не даємо їм ще блюклєр чи vert anis.,0
Так би була хоч одна віддушина.,0
"Мені в сорочці спекотно, а вони преспокійно в светрах ходять.",0
"а моє совісне сумління забракувало всі офіційні і неофіційні версії. аби воно так завше працювало, блін.",0
"Але є речі, які роблять той чи інший закон - ключовим!""",0
"(Звісно, тут лише марокканські кафе, хто знав, що марокканський чай це СИРОП ЦУКРОВИЙ З М'ЯТОЮ?)",0
"Потім згадую,та нє в неї київстар же)Відпускає)))",0
"Прокинувся від звуків проповіді, що линули через відчинене вікно із найближчої церкви.",0
А СХЕМА себе позиціонує ' у рамках Київського бієнале' на цей раз.,0
"На колір і смак фломастери різні) Тобі Хлєб, мені АА)))",0
я не геть близько була. але запах газу у повітрі відчувався. та ми піщли за 20 хв до жесті,0
"Думала, що це я свіхнулась, а не фейсбук.",0
Пропоную винести на ринг шаблі..)) #klitchko #кличко,0
"Відчуваю себе трохи ущєрбною, бо у мене немає улюблених різдвяно-новорічних фільмів.",0
"Пів року вже поглядаю на нього, виставила на стіл...і дивлюся...",0
А я пиво не люблю!.. =))),0
"Мої улюблені Тигролови, за ніч пішла книга, як сьогодні пам'ятаю",0
"Кажуть, по вподобаннях можна визначити тонкі особливості людського характеру...",0
*підходить ближче* -А ви просто постриглися.,0
"Жжоский підгар зрозумілий, але та зустріч і таке мала б вскрити.",0
"Люблю, коли мої завислі над проходом босі ноги волоссячком лоскоче людинка, що проходить повз",0
А я люблю безлад в кімнаті.,0
"І через то якась дивна потреба, щоб хтось обняв)",0
"Подивилась на Юлю і паняла,шо можна не паритись на рахунок давно нефарбованого волосся,синців під очима і запухшого обличчя.",0
"Так от, я розумію, коли сарказм, а коли ні.",0
Люблю ці твої картинки з айсбергами.,0
"Коли ти помиляєшся і лажаєш, тебе все одно люблять.",0
Мій брат сам з'їв середню піцю барбекю :D,0
"Сиджу в парку,насолоджуюсь гарячою ароматною кавою і улюбленою музикою в навушниках)чарівна осінь.",0
"54. #CaptainAmericaTheWinterSoldier - no bad, so good.",0
"Унікальна інфа, яку ніхто не знає: блогери з компаніями працюють на основі бартеру ну да, ніхто не знає)",0
Дивлюсь фігурне катання і просто закохуюсь,0
"Тим часом на ПершомуНаціональному Поплавський співає дуетом з Наталі ""О БОЖЕ КАКОЙ МУЩІНА"".",0
Мене одного вже задовбала на смерть реклама нової Панамери?,0
"Мені тут  дорікає, що я в блог давно не пишу.",0
"Або я дуже тупа, або дуже рукожоп Або і те, і те",0
"Крімінал - це коли п'єш з маминої єдиної улюбленої чашки, до якої вона зазвичай навіть торкатись не дозволяє.",0
"А на самоті, на жаль, здурієш.",0
"Ех, а минулих років, я вже б був бухий на Республіці.",0
"А снодійне , це ж не антибіотики, із спиртним мішать можна?",0
А наступного року від шахтаря не лишиться нічого ні тренера ні гравців,0
"Отак і приходить відчуття наближення зими, коли вранці прокидаєшся, сонце ще тіки вилізло з-за нескінченої лінії...",0
"Накидати йому пошлих фото, а потім така ""та його тільки секс і цікавить!""",0
"Це не думки, це факти, Вова, факти.",0
"Мене сьогодні серйе також хапає, йо це хріново;(",0
"Дико люблю набрасувати, щоб людей бомбило",0
І отак у мене з усіма чоловіками.,0
Жити ото без тебе не може.,0
"А так, по факту, все це якось безглуздо",0
"В мене ні того ні того, але їду ближче до гір.",0
"люблю Дівчинку, але ця шерсть всюди вже дістала.",0
Єдиною державною мовою в Україні є і буде українська.,0
"Хочеться, щоб він посміхався і все налагодилося.",0
Помудрішає і теж дасть на тапки,0
З наближенням літа ночі видовжуються як пальці у  піаніста.,0
"Судячи з правил різних дієт і здорового харчування, я маю бути воблою...",0
"Малята, ви вже зовсім скоро почнете писати і прочитаєте це після, але знайте, я морально з вами ))",0
моя улюблена погода — як перед кінцівкою фільму «маґнолія»,0
"у мене в інстаграмі одні жопи, вєліки і собаки ©",0
"Ніко звичайно жжєт, але серед тих бабульок в міні і на підборах я нікого не бачила.",0
"Ти опублікувала цей твіт на 10 хвилин раніше, ніж треба!",0
"Люблю Тві за можливість писати все, що в житті здається ненормальним.",0
"Я не знаю, як відростити свій бронєбойний панцир назад.",0
"#ДжонЛенон - без цієї людини важко уявити моїх улюблених #TheBeatles З днем народження,Джон! світла і вічна пам""ять.",0
"Тра блокувати, збирати, галасувати & ПОСТИТИ КОТИКІВ.",0
"та, знаю тих чуваків) Хоупі люблю, в нього пластика тіла класна)",0
Ібо хрін йооо зна хто там за кермом,0
"Мозок: ПАНІКА ПАНІКА ПАНІКАПАНІКАПАНІКА Я: АААААА ШО СТАЛОСЬ Мозок: Нічого особливого не сталось, але ти панікуй",0
А який у тебе найулюбленіший фільм з ним?),0
Баширов за 30 років ніфіга не помінявся.,0
"неподалік мого будинку є моє улюблене комбо: бар, банк, сексшоп і центр ритуальних послуг",0
"Відпусти, я благаю відпусти, бо не можу далі йти я.",0
"Доречі, іспанське вино ніфіга не вставляє...",0
"А правда, втім, як і завжди, десь посередині, між ""незначительностью"" і ""безудержными успехами""...",0
"ааа, наберуся натхнення і запіляю ін100грамчик, ожидайтє :)",0
"дякую, схоже те, що мені потрібно (просте і зрозуміле). потестую цього тижня усе підряд а потім буду обирати.",0
"Та й алкоголіків ''в бєлочку тоже нє'' Прост не люблю, нагнітає",0
"Мда, забула - опозиція ж 4-й день блокує трибуну ВР.",0
"я дуже люблю, але не завжди можу ретвітити - не зрозуміє народ)))",0
До щему захотілось поговорити зі своєю бабусею.,0
Краще кинь скріншот як ти голосував за нове гасло для української армії.,0
"Хай би що там шкреблося, воно тебе не скривдить",0
"Бек ту блек, бек ту унивашки^",0
"Чому в мене болить голова, я ж не так багато випила?",0
"Обличчя людини, якій знов на роботу в суботу і неділю, а вона собі тусить.",0
"Та пофіг Сам завтра буду хату прибирати, тому",0
Назви закладів у Львові це щось з чимось.,0
"Перевіряйте інфу, інформаційна гігієна, ну курчамать!",0
"О, впізнаю стару добру Юлю!",0
"20:25,  подзвонила мені і читає вголос Біблію.",0
"Я маю план)  Але за це ж ти мене вб'єш,тому мені треба наблизитися до тебе занадто близько)",0
30 хв запікали. розгорнули фольгу =>,0
та я сам теж цукерки люблю бгг.,0
Бо типу вже зараз про дітей книжки читаю.,0
"Люблю, коли перукарю кажеш, ріжте все, а вона каже, що не варто.",0
шо усьо? блогери закінчились? та дайте шось читнути!!,0
ну йомайоо  Давай в анон чат  Типу,0
бздури - то файно. а твої - подвійно:),0
Вистава за романом одного з моїх улюблених українських письменників.,0
Вирішу проблему зломаного айфона і проведу й собі такий експеримент - 100 днів без нових речей,0
"#кавуськащастямить (@ Цвібак in Львів, Львівська обл.)",0
"Чітко пам'ятаю момент,коли посеред ночі я прокинулась, зняла з себе футболку і лягла далі спати.",0
"Ти сказав скинути креативний блог-я скинула.Якщо ти тут не бачиш творчості,то про шо нам говорити)",0
"Не люблю ні олів'є, ні Іронію Долі.",0
"Другим диском там стоїть Seagate NAS, з ним проблем не було.",0
"Чому в всіх нормальних людей мого віку проблеми з хлопцями,а в мене проблеми з всім,що рухається,чорт забирай?",0
"Терпіть мої селфі, раз терпите мене.",0
"зараз запощу в блог новий текст, а потім надішлю його в Літературну Україну",0
"Помічаю, що під ялинкою ростуть кущики ягід, це велика малина на низеньких стеблах.",0
"Поділяю думку Олі Кудіненко, що про благодійність треба говорити.",0
та...це ше я не обробляла їх(,0
Ахах  Документи переробляла  Бо перепеченою була,0
Треба знати міру і кожному - свою дозу.,0
Прийняла від   Улюблений серіал - Щоденники вампіра (просто Деймон красавчик) Передаю :,0
"плюси тобі в карму))) я очікував, коли це хтось скаже)) Крутий чай!",0
"Дзвонив мені весь день і обіцяв бути самотнім, непривітним і холодним.",0
Да!))) Вони дикі  Но від своїх я офігіла,0
Той момент коли самі в кінотеатрі і вони для двох осіб все рівно роблять показ (@ Мультиплекс / Multiplex),0
На першій панелі другого дня #lvivmediaforum мій улюблений посол США  (а ви його фоловите?),0
"Роблю вологе прибирання, щоб воно було як я.",0
А пост про тексти Андруховича і Прохаська я написала ще вночі.,0
"А можна мені нормальну подругу, яка буде підтримувати?",0
Ось чому я люблю цю країну!,0
З великої літери і в лапках і не лише.,0
"мені надто жоско ненадо, бо я ще маю зосереджуватись і переробляти той плагіат, шо накопіпастила",0
"плюс якщо ця проблема піднімалася ще давніше, то хіба не було часу її вирішити?))",0
"знаю) дякую, птасю, так і роблю :з",0
Я: та то я не виспався просто.,0
"Вгамовую головний біль улюбленим грецьким вином Папи Римського та не сумніваюся в тому, що я свята.",0
"бліндаж є як і червоною, та і жовтою зоною",0
Вкручую пєдалкііі під хітьі нульовьіх.,0
"Перша реакція — ""Не лякай мене!"".",0
"дівчат Саш люблю, а хлопців Саш, як тих печериць)",0
"Ви панове вже визначіться, вам шашечки, чи їхати.",0
"Хочеться прямо не спілкуватися з приємними людьми, щоб тільки не потрапляти знову до цієї пастки.",0
"навпроти мене, наприклад сивий чоловік читав басні крилова. і сміявся. чоловіцтво говорило про біблію і мову",0
"Приїхав додому хворий, покатався 2 дні і я здоровий.",0
"площа франка, напрімєр) це рівно по серединці виходить)",0
Вчора принесли на обід хумус з морквою.,0
"Я реплаюсь, вот для того тре  В мене якийсь фетиш на тому щоб не засирати свою стрічку отаким",0
"Аманда Палмер, Шерил Сендберґ, Як полюбити класичну музику за 20 хв, If i have a daughter, багато...",0
"ні, серйозно, давай своє фото на аву! такі обличчя треба показувати! кра-су-неч-ка",0
Коли до губ твоїх лишається півкроку - сотні людей на презентації УПА    Я люблю цю країну,0
"RT : #граманаці #укрмова RT : коли пишуть частку ""не"" з дієсловом разом, мене починає тіпати",0
>> У мого дідуся такі ж проблеми.,0
скоріше за все їх сайт розроблювався десь років 10 тому коли IE був серез лідерів по функціональності.,0
я постійно гублюся в місяцях . . .думаю що це весна)),0
Бібліотека UCSD @ UCSD Geisel Library,0
"Пишіть + в реплаях хто це бажає, кому так краще буде мене переносити.",0
Чому це все я не сказала їм?,0
"Ти мій син, але другого я люблю більше",0
- А чому місце посередині ряду?,0
"Ми встигли і в бібліотеку, і замерзнути і захотіти назад в Франик)))",0
Дивлюсь траесу лєвого чувака і: героїн цицицици.,0
"спочатку навіть ок, але тоді замахуєшся нєпадєцкі, щира правда",0
У сучасному класифікаторі професій є 4214 Лихвар.,0
Хай у тебе буде своє приватне сонце.,0
"Нормальні, адекватні та порядні люди, які зараз працюють у поліції (я знаю, що ви є), я вам дуже співчуваю.",0
Люблю мити посуд і чистити картоплю.,0
кароче мусиш про то наваяти в блог. і шоб фоточки,0
"Тві, кого із українських селебріті ви бачите обличчями громадської організації “Свіжа Кров”?",0
"Хай твої гарні, ясні очі сяють від радості!(блін дівчаче якесь побажання)",0
"Влітку Львів, а восени я в Штати прилечу.",0
"Так,а вони не щирі,та й до Києва ближче...",0
"Дякую, що вигадав моїх улюблених персонажів і світ, у який так часто втікаю.",0
Вона така ж весела та невгомовна :)))) Все мені щось розповідала :),0
"Всілякі там стрічечки,які прекрасна дєва пов'язувала на турнірну піку коханому лицареві...",0
Бажаю вам багато теплих котиків) #ЛяписТрубецкой – Котик #цьомкибомки_чаокакао #люблювас,0
"Не можу зосередитись на книзі, яку читаю, бо в голову лізуть думки про насущні проблеми =\",0
"Сторінка котра забирає з собою можливість наживатись на ""допомозі"" ВСУ & на піарі, що йшов поряд.",0
"Щоб коли тобі було хєрово, ти казала батькам мені треба до лікаря, а вони такі нам лєнь",0
Але в тебе буде трошки не дуже культурної програми ))),0
Топ найнеулюбленіших питань: 1) 18 є?,0
А сьогодні з лісового і садово-паркового господарства хлопці є.,0
"Ну тіпа, я не маленька дівчина, буває.",0
І передайте далі трьом цей цьом #твіттер_то_є_любов,0
"Співчуваю(( Мій улюблений поет то твітерський, так що фіг ти поймеш буде ще писати чи ні",0
"о, в мене від деякої особливо підлої несправедливості трясуться руки",0
"Оці ""вагітні"" баби які просять грошей, а як не даш то проклинають",0
"Бери будь-яку і не парся, ну йолкі.",0
"Запалила ліхтарик ікеївський дідморозівський, листаю натхненні блоги, тепло всередині.",0
"Блінблінблін, швидше б додому і послухати))",0
"Для мене це теж проблема завжди, розумію",0
Для кожної людини її проблеми важливі.,0
"Слухаю новий альбом Ночних Снайперів ""Выживут только влюбленные"".",0
А російський громадянин Труханов продовжує ефективно...,0
"RT"":я не люблю суші,тому  ,знущайся над твітерським людом далі,я хочу дивитися,як вони мучаться\злий сміх\"" не я тут злюка)",0
Плює кашу:  - я не люблю кашу!,0
Розкажу колись сцену нашого знайомства якшо нагадаєш:),0
"це так, але для професійного а особливо корпоративного використання навіть скринька ім'я.прізвище не дуже пристойна ;)",0
"100 книжних сторінок.цікаво,встигну я до ранку? і чи встану на пари)",0
"Цілу ніч снилась , а в певні моменти я навіть була нею.",0
Що робити в другій годині ночі?,0
Згадала першу ніч і ржу вголос.,0
"Розумні жінки не змагаються "": Не пощастило жінкам, які люблять музикантів...",0
"8) Вони йому, тепер теж поважному лікареів, цю фразу часто пригадують =)))",0
"Слухайте, особливо ті, хто давно мене фоловлять.",0
"До речі, що мене дивує: ні разу не траплялась несмачна сперма, хоча чоловіки ну дуже різні були.",0
"Пізній вечір, дворик на Лук'янівці, посеред двору стоїть трактор, в тракторі дідусь років 60ти, читає газету і п'є чай.",0
- Чому в тебе нема срачу в стрічці?,0
я люблю подорожувати але подорожні замітки в мене виходять занадто особистісні :(,0
От від кого вчусь нормального сприйняття світу .,0
"Твіттер Тома Хенкса і його фотки загублених рукавиць це те, що завжди піднімає мені настрій.",0
я знаю) Саме тому він входить в двійку моїх улюблених поетів),0
"літературна редакторка, яка з мови республіканського радіо перекладає на українську, якою освідчуються в коханні й створюють стартапи",0
"Ніколи ти не буваєш таким зосередженим, як коли рахуєш дріб'язок.",0
Бібліотека там нова є) + на Немигу сходи.,0
Фоллоу є. і на рахунок всіх справ теж за,0
"Приїхав в сіло, а туво хлопам 3жі провели!",0
"От в мого чоловіка більше вийшло заважати,ніж підтримувати =)",0
"І моя біда в тім, що я вмію це розрізняти.",0
"Як їсти гранат, щоб це не мало вигляд сцени з Ганнібала Лектора?",0
Фігурка янгола впала з шафи та розбилась.,0
"Любкаа, ну йопта не ти одна така!",0
"Особливо весело, коли йдеться про стрсунки, отут прямо м'ясо",0
"Кажуть, що вміст жіночої сумочки характеризує її власницю.",0
"Вмовляю чоловіка взяти ще одну собаку, але аргумент все той же.",0
"Ех, хто б мене полюбив, враховуючи що я люблю крокодилів і змій..",0
"Фемілі лук, все як я люблю",0
"В мене, до речі, теж шнайдерівські",0
"Просто уходіло лєто, нєбило пєчалі © Т.Валя",0
"Знаєте, такі особливі моменти, коли ти бачиш життя, наче в…",0
Як дізнатись середню кількість своїх твітів в день?,0
"Ний, що в тебе нема друзів.",0
"Тільки що до мене у вікно прилетів цвірінькало, правда сірого а не блакитного кольору))",0
"Обурюється депутат від ""єво"" партії Лєщєнко.",0
"Прийшла чекати маршрутку, почала шукати очима табло з розкладом.",0
Вчора шапка з балабоном і вуалью спровокувала осудливі коментарі у мене за спиною.,0
"Виходить для різних ""я"" треба різні блоги))",0
"в будь якій ситуації, особливо коли хворієш - їдь катати на велосипеді.",0
"Франик? там - да, там я пам'ятаю ситуацію",0
Я закоханий у волонтерів проекту #СвіжаКров!,0
"та ні, це нормальний стан речей. зрадники зраджують, злодії крадуть, вбивці убивають, а закохані люблять один одного",0
Не було ж іще місяць назад,0
"Ну тоді я тебе називатиму Юлюша, з наголошенням на перший склад. =)",0
часто. особливо ввечері-вночі. або коли гроза. обожнюю блискавки. а ще валятись на траві і дивиитись як хмаринки пливуть,0
"Містеру Кіскерсу сняться різні люди,і зранку він сере у формі першої букви імені того,кого бачив уві сні.",0
"Побачила у вікні дідуся з онукою, і так вони мені нагадали мене і мого дідуся :)",0
"Не люблю руді бороди, але тут мушу визнати - шикардос",0
"А то ви вже прямо підзабули, для чого він існує.",0
"Наш привчений до кігтедьорок, але, звісно, все одно інколи грішить і з меблями)) Сваримо його))",0
Вони намагалися зачинити своїх реальних демонів в книгах.,0
"А якщо ти біла дівчинка, то помахають ручкою і побажають гарного дня",0
ну дуже мене зачіпає ця пісня: Механічний Апельсин – Пам'яті загиблих байкерів. прямо як українська альтернатива Беспечному ангелу,0
Паражаюсь з вміння  знаходити і лайкати сісічки в твітері,0
Знову ви лайкаєте твіти про довколалюбов і ігнорите субару.,0
З легкої руки  sketchbook закінчився і сьогодні мені приїхало пару блокнотів від хороших…,0
Я тебе розумію і просто тримайся.,0
"В хаті шоколад, зефірки, дофіга печива, труфеля, горішки в шоколаді, а я Діма.",0
Всі записи в блозі Іннусика присвячені виключно поливанню ЮВТ багнюкою.,0
"Висмикуєш якусь думку і перекручуєш її, шось додумуєш, морочиш собі голову.",0
"Тепер живу в сша з різницею в часі +7 годин, а нічого не змінилося.",0
У Косові під час підрахунку голосів здохла миша - Галицький Кореспондент http://gk-,0
"Навіть, якщо людині, навіть незнайомій сподобався фільм, що я порадила, то тоді відчуваю щось типу щастя.",0
"Страшні заметілі, сніг січе обличчя, ідучи по коліна провалююся в сніг...",0
Бачила літак з написом IKAR і оце думаю - нафіга так називати авіакомпанію?,0
"**ну як малі діти, вам не дали приватних повідомлень для цього чи шо.",0
Особлива подяка  за кошерний падгон с:,0
"а чо матрац тільки один? де ще 12? прибрали під стіну, щоб зробити блатне фото?",0
грьобаний нежить!! цілу ніч нормально спати не могла(,0
Так що так і має бути.,0
"Ти гарнюня наречена, нехай сьогоднішнє щастя у ваших очах світиться щодня.",0
"Їм канхфету ""Клубніка са сліфкамі"", думаю а ньом... а Вімблдонє... сс",0
"Мене одного бісить, що гомосексуалізм всюди?",0
"Кажіть людям, на яких вам не пофіг, що скучили і що були б раді їх бачити.",0
вперше пожалкувала шо не люблю електронні буки.,0
"Тепер відчуття,що всі мої підпищики так з'являлися...",0
"Класненько, коли твій пост стирений в Пікабу і закинутий  в групу універу зібрав дофіга лайків",0
Навіть дуже Але я не роблю нічого.,0
"Сиджу з дівками, нікого не чіпаю.",0
У Херсоні знімають сучасне українське кіно  через,0
Я з Саньою солідарний - не круті вони.,0
"Передай їй, що вона дуже красива.",0
"Сьгодні той самий день, коли мені запропонували йти по списках однієї із партій.",0
То з вашої компанії чувак спав посеред коридору?,0
"Чогось вирішила, що серед ночі пити каву, звісивши ноги з підвіконня - нормально.",0
У мене є претендент на звання улюбленого кафе Києва ^_^,0
"у мене моральна травма з дитинства від ""пострілів"" стартуючих трахторів взимку гг",0
"Ні, далеко не всі колишні лицеміри.",0
"нагадую: Бубліку, ми тебе любимо! дата, печатка, підпис: ""МИ"" :) передивись, будь ласка, ось це:",0
"А якби перемогла будь-яка інша країна, вони б теж кричали, що вона підкупила журі?",0
"Якщо раніше Лєщ мене дико бісив, то зараз викликає легку огиду.",0
— І чим це відрізняється від твого повсякденного стану?,0
В: *випускає дим від вейпу* з заваркою.,0
*люблю це місто разом з його атмосферним тиском,0
"Ходить, ніби Матір Тереза, непевна, як погода осіння, блукає – темна і нетвереза, розганяючи сновидіння.»",0
"Їду в інтерсіті, п‘ю обліпиховий чайок, читаю що Джонні розповів газеті укрзалізниці про східний експрес",0
"Хотіла сказати дівчині,що в неї шикарна фігура,обійшла спереду і ой йооой(",0
"Просто, для середньостатистичного українця - дорого",0
"Якщо діти в школі хворіли вітрянкою, то книжки в бібліотеці треба...пропрасувати.",0
А я то думаю чому я Моку люблю:) але насправді це мене на неї  підсадила:),0
Я: Мало не довбанулася головою об двері.,0
Номер 2 у списку найулюбленіших вірмен :),0
приїхати подумати - в саму точку. ічомуявтебетакийвлюбльонний?),0
Треба перевірити вінт в «безпечному режимі» а то щось барахлить…,0
"думаю ближче до четверга почну пакувати, а поки складатиму список необхідного)",0
В сезон відкритого взуття яких тільки педикюрів не побачиш...,0
"Це електронна бібліотека інситуту, який я закінчила.)",0
"Так харить, коли не можеш описати якесь відчуття словами.",0
"Мені цікаво, як ти занотовуєш це коли ти риба-пила у процесі.",0
"Перевірив особисто, якось за то напишу.",0
Від яблучка захочеться ще й картопельки до бургера,0
не зручно це і є проблема. а в мене такої нема)),0
"Бро, прасті - на цей раз в це світле свято ми військову частину не спалили",0
"Навіть,якщо це лицемірство прямо не стосувалось мене,але моїх найближчих друзів.",0
"Люблю далекобійників за те, що тільки вони називають мене сонечком.",0
А на сусідній вулиці десь такого ж віку дівча з написом на футболці ґьорлз ду нот дрес фор бойс.,0
"Я їх і так багато де вживала, а тепер це взагалі якийсь капець.)) З ким поведешся, блін...",0
"В близьких до української мовах, білоруській та польській, існують відповідники англійському w: ў та ł.",0
"Не розумію, як можна любити своїх братів/сестер.",0
обсипалася блискітками і ходжу щаслива. тіпа фєєчка.,0
Дякую супертаблеточкам  і  за допомогу!,0
"Одна бабка каже мені відкрий вікно, друга каже закрий.",0
"а ми тут... рускім постпанком балуємся.. восени збираємося на плохо, хто з нами?",0
В нашій родині найгірший гріх це «погано їсти».,0
"сир ""дор блю"" прекрасно смакує з світлим пивом.",0
"Хакери викрали та злили в інтернет нову, ще не опубліковану колонку Мостової.",0
"Або, роблю своєю присутністю людині в її житті, а піти е дає егоїзм.",0
"Мені здається, Цитрус бреше про офіційну сертифицікаю I iPhone 4S продаватимуть в Україні ...  via",0
"Та по-дитячому це кажеш, не люблю деяких дітей.",0
На собі мати щось блакитне :),0
"Якщо це дійсно його єдиний вихід, а ти й той забираєш.",0
"Підкажіть, будь ласка, як дістатись з Любліна в Краків?",0
"Змушує знову задуматися, особливо у світлі останніх подій.",0
"Найгірше те, що родину не вибирають.",0
"Чекаю на ""Макса"" Л.Дашвар, який має дістатись до мене цінною бандероллю..",0
"А щодо дітей, то сучасне покоління то взагалі пісєц.",0
Тепер треба починати все з початку.,0
"У Бабаків не кубло, а чорна діра, знов заїхала ввечері на кілька годиночок, а виїхала в обід наступного дня",0
"Є те, що розкиданим тримати небезчно для пересування.",0
"Чортків іще, напевне, а так може Бучач, може Борщів і далі в Хмельницьку область ті Товтри глянути",0
"Яценюк на приїзд автомайдану відреагував публічно дуже ок. Але я знаю, що його це дуже роздратувало.",0
"Ей, рєбята, а може хто хоче сходити на Terabak de kiev (Dakh Daughters та Le Monfort) на Гогольфесті?",0
"Жодного разу не бачила людину, яка б впустила морозиво.",0
"ПФФФФФФФФФФФ, я і орієнтація проблеми? та це мрія в чужому місті загубитись:)",0
"ідея як вилікуватися від страху: 1.береш водія, який тобі б подобався, 2.вдягаєш сукню, щоб були відкриті колінця 3.Профіт",0
"Я терпіти не можу таких звертань, тим паче, коли без мого дозволу.",0
"Літо моїх одногрупників: нові друзі, подорожі, робота, відпочинок...",0
П.С. але ти втратила кайф облизати ту фольгу))),0
SHUT UP AND TAKE MY MONEY!,0
"Їжа теж репрезентована непривабливо, власне, сама їжа якось несмачно виглядає, подача її теж застаріла.",0
"любоооу, приготувала сьогодні вперше плов і думала о тєбє :*",0
"то ж дойчагавана, блін) “ Мда.",0
"Значить, в душевних параметрах щось збігається.. =)",0
Роблю латиську під Шопена та Моцарта.,0
"Я їв максиканскі бурітос в Каліфорнії, але ті, що роблять в Картопляній Хаті, мені смакують більше :)",0
Через пів року звьозд в траліках буде як хіпстерів на барахолках,0
"Я звісно не ярий фанат БДСМ, але чого тут не прив'язують?",0
То бухгалтер за півроку геть іншою людиною стала і самопочуття поліпшилося.,0
"воно пригладжує/додає штучного блиску.Але саме по собі волосся не таке.Корочє,це як тоналка,яка змивається))",0
Шла Саша по соші і сосала сушку,0
Заходить чувіха в оргрум і така: -Ви виглядаєте якимись стурбованими.,0
"Маєш якусь проблему - скажи зразу, подумаєм, як її рішати.",0
От виявляється звідки в мене ця тяга до трагічної любові і пафосу.,0
Чи це все ж рос. ментальність?,0
група «валентин стрыкало» мала б існувати вже лише заради титрів «аритмії» хлєбнікова,0
Зранку спішила і погано закрила контейнер.,0
"Вечірній Тернопіль,  як завжди,  манить своєю красою і атмосферою.",0
"Привіз карочє з Італії чорні спагетті з чорнилом каракатиці, зготував до них м'яса.",0
"ну от, два яблучка і персик) автор, так, не - Ви, але перепостили від вашого імені.",0
перекалапуцяла жовтки і шпроти і наповнила розрізані навпіл серединки білків),0
"вандірекшн обіщяли вернуцця всередині 2017 ще -1,5 роки почекаю і вспокоюсь",0
Бідних нацистів аж 8% у парламенті.,0
"Надто сильно тебе люблю, тому нізащо не стану частиною твого життя.",0
А Кале це вже дуже близько до великої кількості моїх друзів і знайомих.,0
Так шо ми виправили ту справу)))),0
"..коли з усіх інструментів є тільки молоток, усі проблеми бачаться цвяхами.",0
Світ: Давайте створимо трибунал проти ISIS.,0
"Моя дипломна мантра,  моє недолуге життя.",0
Це таке жлобство і рубілово бабла:(,0
...А Тіріон взагалі улюблений персонаж =),0
сусіди на нас орали за одну-єдину п’янку!,0
"Спочатку натворять херні, а потім кіпішують, шоб ніхто не смів про них в інтернеті шось писати.",0
"90. В Римі (особливо в тих районах, що близько до Ватикану) існує правило.",0
Три роки я вивчав розпади сімейства частинок середньої та помірної екзотичності,0
"Є рублі, 5 тищ, хочете? :)",0
"Вперше задумалась і відкрила для себе досить великий недолік в закладі,який я в принципі люблю і де постійно харчуюсь",0
"Приїжджаєш в інфекційну лікарню, ходиш в наморднику.",0
"Встати посеред ночі, бо твоя сусідка влаштувала нічний дозор тараканам і бігає по кімнаті з ліхтариком.",0
нє ми просто переїдемо в афігєнну квартиру з шикарним видом і вікнами) іф ю ноу...,0
Хочу почитати тредик дружини Суділковського про їхнє розлучення :),0
Від цього страху аж все болить,0
"А на чохлі меча козака знайшли напис ""Луценко Ю.",0
"дзвонили брати Галлахери з 95-го, просили вернути їм зачіску))",0
Зміни зміями лізуть у пазуху  (с) Аня Яблучна,0
"Я не кажу, що це єдине рішення, очевидно.",0
"Мені сьогодні снилося, що в мене на цицьках лежав мертвий голуб.",0
Могильний хробак (переклад назви) офігєнний :D,0
Блохи кота прем'єрки Британії побилися з блохами кота британського МЗС та перемогли.,0
"Цікаво, а я можу хоч іноді не з'їдати себе зсередини?",0
Ну не потрібні мені нецікаві для мене люди!!!,0
"рожеві сорочки, блискітки та чоловічих джинсах, ""мілка посадка"" і ще багато чого)",0
"Вас можуть застрахувати хоч від урагану, а від безтолкових сусідів ніхто не застрахує.",0
головне не обертати зброю проти себе (:в продовження вчорашньої мови:),0
мені поки впали в очі тільки золоті каблучки з діамантами і телескоп NatGeo),0
"Думала, що мій улюблений кисло-молочний сир зник з продажу.",0
Їздила двічі за минулі два тижні.,0
Вона (показує на вітряки): śmieszne to.,0
"- Люблю людей, які чимось горять - Наприклад?",0
Бейби) Всім шикарнющих снів) #RobbyWilliams – I just wonna feel real love #цьом #люблювас,0
"На відео про бронепоїзд бронепоїзда не видно,тільки зависнувший вертоліт і якийсь чувак каже ""Ні хрєна!..""",0
"Головне, щоб кожен жив там, де йому зручно і подобається ;)",0
"Щиро тобi бажаю, щоб Дубай не обламався, i по-доброму заздрю!.. =))",0
"Ви всі прекрасні яскраві цвіти жизні, світло моїх очей і тд і тп!",0
Якось мене сьогодні всі виносять і харять,0
І чому я серед таких поважних людей?),0
"Треба буде заїхати до твоїх, поговорити з твоєю Ма, поготувати на твоїй кухні, мені ж то ближче)0)0",0
"І поснідала, і зарядку зробила, і на роботу вчасно прийшла.",0
"Робятьі, ви що читати не вмієте?",0
Але я не розкидаюся голослівними заявами,0
"Люблю казати людям, що вони прийомні.",0
"Розгрібала срачі в шафках під фільм про вог, прийшов Вованада і тож дивиться))",0
Зараз би не пам'ятати за що людей блокуєш )),0
Вони для мене символ останнього дзвінка.,0
Але потім згадую про моїх ровесників в АТО і кусаю себе за язика.,0
Тре триматися від усіх на відстані.,0
"одні з улюблених квітів,головне шоб не жовті",0
відштовхуйся від свого гардеробу) Але я теж віддаю голос за червоні,0
Моя бабуся живе у Шостці (Сумська область).,0
"У справедливому суспільстві жінка не мусить змінювати свою ідентичність після шлюбу, якщо цього не вимагають так само від чоловіка""",0
Можна починати цей _вихідний_ день на роботі  Люблю _вихідні_,0
"Завжди казав, що ІТ - сучасна форма рабства",0
"Весь день думала, що сьогодні середа!",0
"Він це,канєшно,скоріш за все про шоколад,але я тебе теж люблю!",0
Вітер свище страхітливо і тріпоче білизною на балконі.,0
Нам тут дійсно не вистачає колег петанкістів ))),0
Незручно так перед вмкладачем - сплю на парі.,0
"І, блін, абідна так стало(( І чьот тільки щойно, у Львові якось не звернула уваги, що загубила.",0
"Лавандовий раф вперше в житті тільки зараз п’ю  (@ God Shot Coffee in Херсон, Херсонская область)",0
"Соррі, не люблю я роздувати цю історію.",0
"Я приймаю голосування в ""Євробаченні"" дуже близько до серця.",0
"...свої проблеми, то це трохи дивно.",0
але на Паризький собор дууже схоже.,0
Один раз - може бути дурість.,0
"#ff RT : Друзі, а чи є серед моїх підписників ті, що вільно володіють французькою?",0
"Так , як мене сьогодні продинамила бібліотека Стефаника, ніхто ще не динамив((0(",0
Хай не славою (Бог там з нею!),0
Їздять по лівій стороні дороги і не збирають мандарини з землі.,0
"Львів'яни, особливо сильні і широкоплечі хлопці, зголошуйтеся)",0
"Боже, тільки не спойлери, благаю тебе",0
"Є цікаві персонажі й діалоги, сюжет середній.",0
"Хакери заблокували сайт СБУ й обіцяють голові спецслужби ""пенсію на нарах"" Експрес - онлайн",0
А спонсор мого настрою - мій дід.,0
Ось перший кліп Михалка в складі нової групи.,0
"Якшо питання намбер ван-атабличкуперемальовувати,то питання намбер ту-аскількизнаківпіслякоми.",0
"Але 1й раз, може, й не рахується, бо то типу знайомство)",0
"неділя з улюбленими чоловіками: Lewis Capaldi, Billy Raffoul, Rhys Lewis i Kaleo #mood",0
"Мене дуже пригнічує факт, що просто зараз я не можу взяти пташку і поїхати _кудись_.",0
"Хоча Лев кожен зуб в паралелі з вірусом ростить, інколи з важким отитом.",0
"Новини про хворобу, не смертельну, але серйозну і назавжди.",0
"Сьогоднішнім вечорком була в кращих традиціях інстаблогерів: дивні шмотки, навіжена від вітру зачіска і стаканчик кави з Маку. excellent)",0
"Спочатку роблю дурниці, а потім мучаюся почуттям провини.",0
"ану перерахуй тих, хто там морозиво їсть:)",0
"Не вмію говорити нічого втішаючого людям, заспокоювати їх чи просто бути турботливою.",0
Випила першу таблетку  прискореного серцебиття не відчуваю.,0
"Вчора мені вслід крикнули ""ты парень или девушка"" й я не обертаючись показала середній палець.",0
"Не по темі, скинь мені завдання з Батюка.",0
"Я побував в астралі і повернувся назад, а чим можуть похвалитися сучасні підлітки?",0
Я десь писав свою таблицю раніше...,0
Збільшені лімфатичні вузли від ангіни.,0
"Люблю, коли мене зутрічають тарі друзі.",0
"так, сьогодні ми всі особливо любимо #Харків   далой лєніння.!",0
Аналогічно Я завдди так Но пишу завжди якусь фігню,0
"Брата подруги підрізали на вулиці,хлопці за всіма ознаками нагадують славнозвісних тітушок.",0
"Нападають в областях та містах, які мали стати...",0
"Водюню вони теж роблять хрінову, куштував, знаю",0
"Мільтон, ну зачєм тебе треба конспектувати?",0
Чому лезбі приймають мене за свою...,0
Буду зараз думати як ділити. :),0
А тим часом ми пабєдоносно закриваємо обнальні контори.,0
Спілкування стікерами - моя улюблена форма спілкування.,0
"Ми ж ваша пристань - тиха і ясна, Де кораблями - ваші збиті крила...",0
Півтори-дві години прошу турбувати лише фб-лайками :) люблю вас!,0
І басіст на Пола Макартні смахує,0
не називай своїми найкращими піснями мої найкращі пісні!,0
"Або, — ранки після п‘янки - єдина стабільна річ в вашому житті.",0
"Ну блін, приїхали  Ти ж милаха",0
Мене мама з дома вижене бо задовбалась мене лікувать,0
"Кава у 12 годині ночі,як запорука хорошої ніченьки за підручниками._.",0
Бажаю в Новому році своєму улюбленому сусідочку .,0
"Третій день підряд в сукні весна, що ти робиш?",0
"Прокинулась, бо кіт почав по мені стрибати.",0
Не мороч собі голову і йди!,0
уже дати іспитів на сесію є.,0
"- Не заважай, доню, я мию посуд.",0
Для таких заяв бланки мають жеж бути,0
"ага,ото купив мені якусь дешеву фігню((",0
блін! це геніальна ідея! в мене тепер є пісня Колоса для стриптизу...правда ви ще її не знаєте;),0
"Тебе люблю, жити без тебе не можу, не зникай, будь ласочка - говорю я собі в чорні дні.",0
"В моїх стосунках з бх, почуваю себе .",0
"Батальйон ""Бєдронка"" та інші угруповання майбутніх нових республік",0
"Той момент, коли  в моїй улюбленій кав'ярні у Празі, а потім пише, що горнятко звідти їде до мене #щастя",0
"Від наркозу всім тяжко відходити, і тваринам і людям..",0
"#сімейкатві Ви взагалі вкурсі,що я хочу вам давно сказати?",0
"Воно біжить, як людина, що запізнюється, на свою зупинку і ще здавлює, а Яценюк пишу і ржу.",0
був у 7ми обласних центрах і у 11 областях.,0
Включила малюнки в опері. . .і ой!,0
"я: люблю мінімалізм в інтер'єрі, коли матиму квартиру, то зроблю там все ідеально  тим часом моя кімната вдома:",0
"Мустафа з КПІ, я такий же блогер))",0
Не надто люблю оцей меланхолійний настрій,0
"#ВамДужеТребаЗнати, що в мене оновився андроїд, і це, блін, бісить просто смертельно, ужаснєйше оновлення просто.",0
Я теж люблю містику і терпіти ненавиджу Сутінки.,0
"Щось мені підказує, з такими розкладами, обливаний понеділок проведу обливаючись потом в пеклі плацкарту",0
"Іноземці питають де найближчий бар, хлопець з кров'ю на штанях у нічнику, хлопець з металікою на футболці на касі.",0
"Я так люблю синів, шо не можу тобі передати",0
Я дуже хочу заробляти не менше свого майбутнього чоловіка.,0
А я сидів і читав Кінга.,0
"Свої прям прозріла скільки ж є кльових речей, котрі роблять в Україні.",0
"А дитині точно стільки не треба,то хвороблива пристрасть мамаши.",0
Сьогоднi ранковий душ був iз бенгальськими вогнями!,0
"Та полюблять Мій тато перше був категорично проти котів, тепер наших любить",0
"розібрали сьогодні на синтаксисі цитату з ГП, обговорили підручник Журафскі який починається з цитати з Космічної Одісеї Кубрика",0
"А чи існує краще виправдання своїм дивним вчинкам, ніж: ''Вибачте, я просто забув сьогодні прийняти свої таблетки''?",0
"В цьому, пане Карасьов, і проблема: і вам теж до лампочки суспільна думка.",0
"я почала день з посмішки і вперто намагалась ігнорувати всі негативні фактори, яких було просто дофіга. дякую, довели.",0
"Аж не віриться, що я вдома.",0
- Ну понятнє дєло шо не вилкой,0
"напевно, тому що я Блока люблю більше *-*",0
Тільки з батьком я не бухаю й не ругаюсь матом...,0
"Ахах, так і є)) RT"": Зараз я вирублюся...відчуваю, на пару з """,0
та й не цицькатим тоже ніби підходить судячи з фото)),0
"І переглядаю різні архіви, які не можна публікувати, поки не вийшла реклама.",0
"От колись яблука були, вкусиш - а звідтіля тобі влибається хтось. ;)	0
Чую, буде цікава і важка розмова.	0
Люблю вдивлятися в горизонт і бачити місто.	0
Відкриті діалоги в вк: жодного повідомлення чи прост сповіщення Закрила все нафіг, палю через пару хвилин: овердофіга пвд	0
Домашній затишок...налила келих вина,взяла виноград,ввімкнула фільм,з моєю улюбленною Одрі....відпочиваю)	0
Вечерний квартал - Гипноз (опізнилась или запіздала) XD  via	0
Сонний Полудень Влітку - мій улюблений час.	0
Молочний з чорницею #моє_вперше (@ Хліб і вино / Bread & Wine in Львів, Львівська обл.)	0
Витрачайте себе на рідних і близьких.	0
Та і хто тепер пише комусь «гюго»?	0
Шугарінг - це така нездорова шокова терапія.	0
#ЛяВорк  Х'юстон, здається у нас проблеми.	0
І далі про печенько Марія"", яке не псується.",0
Коло їх Постави ангели свої І чистоту їх соблюди.,0
"Люблю шопінг, якщо мова йде про покупку мівіни.",0
"Чуваче, ну втикни ти у вікно, глянь на когось іншого, чому я?!",0
"іноді, щоб керувати людьми хватить лише слів, я думаю якось так і зробили Біблію",0
"В мене є такий період, коли я дуже себе люблю, але останнім часом навпаки.",0
"І я скажу, що ти дуже красива.",0
"Не люблю свята, бо це лише витрати та клопіт, а так жодної різниці зі звичайним рутинним днем.",0
"Люблю я фейсконтроль в посольстві Франції, вони такі мімімішки)",0
мені трохи далеко)))) але потім на роботу дуже близько))),0
"Ти був в усіх країнах, чиї валюти на фотці?)",0
"35) як ви уже, можливо, здогадалаись - в комплексній області напр. Ln(x)",0
Замовив вишиванку у  як винагороду =),0
Щойно в районі Золотих воріт побачив дівчинку з інтригуючою табличкою.,0
Було темно і кішки там срали.,0
"Пішла блін на укрпошту сьогодні, а вони як всігда дєлають нєрви   Мені потрібні були просто заичайнв марки і конверт!",0
"Улюблена ретро-спідничка в горошок,червоні туфельки,солодкі парфуми,кудряве руде волосся,яскрава помада - настрій джаз,настрій осінь.",0
"Боги, хочу якнайшвидше звалити з цього дому.",0
З екрана мигає незроблена робота і невивчені уроки.,0
Лев пошкрябав собі носа до крові.,0
"^^ дякую кудрява красуня, це моя улюблена сукня,   дуже личить нова зачіска ;)",0
Вона з кожним -1 знешкоджує вас по клітині.,0
Ану підкажіть мені три сучасних українських твори для прочитання:) буду читати і художню літературу),0
"При тій сосні мені сказала «не люблю» й побігла геть, в мурашник уступивши...",0
"Гості студії: астенія, ED, суїцидальні думки, втрата навичок.",0
"І по-друге, хотіла спитати, чи ходитиме твоя мама на роботу.",0
Хто опіздає на #гетьялинкоцид буде ще й хороводи водити навколо ялинки =),0
"Під нього і розслабляюся нині, здавши сесію.",0
Вже маю білет на республіку і МРПЛ.,0
"Сьогодні тільки те і роблю що бігаю по нарадам, кричу на людей, матюкаюся і малюю схемки.",0
Я більше не зроблю першого кроку.,0
"Поки одногрупники нили, що їм складно і по сто разів перепитували, явсе здала і пішла.",0
Особинно коли ближче ніж твій піструньчик у тебе нікого нима!,0
"бо я люблю темряву)  А на те, чи бачить мене хтось, мені начхати)",0
"Вечір неділі, проспала та просрала джаз-фест",0
"RT : Судячи зі всього, більшість українців сповідують не християнство, а мудру релігію пофігізм.",0
"Мені 19: О Боже, вірш Жадана і більше двох стовпчиків - допобачення телебачення, всього доброго, enough art for тудей.",0
А потім прилетіли цукрові поросята і дали всім по карамельному яблучку,0
Біситься під «я ночью плачу і дрочу» стрикала як смисл жизні,0
Після подорожей найгірше повертатися до ідіотських буденних проблем.,0
"Дивлюся, як дівчатка на Ютубі гарно малюються.",0
"Дорогі й якісні шампанські всі кислі, а я люблю щоб солоденьке =)",0
зроблю на вихідних рекламу  і Бойченку.,0
"Твіттер, поділіться піснями, які одночасно і душевні, і качають (або просто улюблені).",0
Заплуталась серед мороку #np #Джамала,0
"Сколєнія вже заблокувала в обличчі Чуркіна, чи ще ні?",0
"люблю, коли за справу береться знавець)",0
"Більш ніколи не говоритиму, що я бездарний водій.",0
"та так і роблю, але не все одразу",0
"Знову ви полайкали той твіт, який виглядає, наче повідомлення колишньому по п'яні.",0
Окуляри на окуляри то ближній свєт,0
"Брат сказав всім, що я то можу і щоб йшла працювати ""дізайнером""!",0
"стільки твіттерських бачили мої цицьки, що то є біль.",0
так переважно і є) Але дівчатам теж ніхто не забороняє обливати хлопців.,0
"Моя головна проблема в частому розмірковуванні над тим, хто шо подумає про мене/мої слова/мої вчинки.",0
це проблема сучасного покоління. вони не хочуть нічому вчитись навіть якщо їх вчать в більшості своїй.,0
"Сумніваюся, але раптом серед вас є хтось, хто вміє підключати пралки?",0
Тому що я там помилився Мало бути дальнойобщік,0
"на каблучках собі ""вишиває"" з животиком:)",0
"Вже знайшли, що вона плагіатила ще в універі.",0
"Ябка (яблука), фаєрман (пожежник), мармуляда =)",0
"Але пофіг, буду лазити в ньому з наступного тижня)",0
"Фолловери зникають самі собою, а система, яка за цим слідкує, їх не бачить.",0
Чомусь згадав жарт: - Хлопці там наших б'ють.,0
Зранку знаєш: з цим ми подружимся,0
"Автомат і не на бляхах, хоча дехто підбиває мене на таке.",0
Або одразу власні закинуть на рахунок і юзать їх.,0
Що може бути гірше несмачної мандарини?,0
"ооо, так люблю цю картину дякую с:",0
"Люблю, коли люди одразу знаходять розуміння один в одному;)",0
Бачу рішення: засунути телефон і голову у сніг.,0
"Прийшло останнє замовлення, зроблене в «чорну п’ятницю» — чоботи:  1 в 1 як в місцевому магазині але значно дешевші.",0
"Люблю тебе, сумую за тобою, вірю в твоє повернення.",0
"Шукати варення, колоти горіхи, пекти печиво.",0
"Роблю діткам гру, а всі букви красиві букви на А4 не влазять.",0
"І наче людина в хаті є, а поговорити ні з ким.",0
"Ні, ти не є Ялох Не плутай",0
"Дівчата, ниєте як хлопці дивляться тільки на ваше тіло, і нікого не цікавить душа.",0
"Граблі багато чого пояснюють в голові, а Жвачка це взагалі для мене особиста пісня)",0
М: А в мене голосу нема.,0
Міняєш улюбленців тві ледь не кожен день),0
"Дівчата, ніколи не ведіться на гарну мордашку.",0
Як де я люблю ці сітуйовіни.,0
"Не люблю мати справу з людьми, які не дотримують своїх обіцянок",0
"Під композицію Саранчіна та Гуменюка Eastern Eyes ледь не заснула, так розслабляє після важкого дня!!!!",0
"Ненавиджу, коли діти кричать в громадських місцях.",0
вже другий кордон за сьогодні (@ Вилок / Vylok / Tiszaújlak in c.,0
"Бил прінят, нєбил прінят, кампіляции, нада уважаааать!",0
"П'ю лише латешки, бо вони не міцні) я чаєман)",0
я вже їх на третину підрізала,0
"Насправді корови не фіолетові"" хлопці зачьотні))",0
Не збирайте та не їжте гриби зовсім.,0
Бахтіяр Шаріпов - любімєйший херсонський фб-блогер.,0
Ці башні близнюки були найвищі в світі до 2004 року,0
"а хіба я десь казав, що це складно?))) я казав що не вірю, що я це роблю",0
А потім стали різати один одного бензопилами під AC/DC.,0
"Упоротая ""Правда"" з Мусаєвою свєркнут брульянтом і так далі гг :**",0
"Кращого місця, де б провести річницю і не придумати.",0
"Нафіга оця мишача возня з назвою українського коньяка, коли коньяк вже майже ніхто не п'є.",0
"Гугл каже, що по лінку (Полінку, ггг) переходили 111 разів.",0
"аби була любов, а пори року - не проблема ;)",0
У той Київ їхати - то самі нерви.,0
"Побачила в продажу нові цигарки-""Kiss ""Love is..."" зі смаком рожевої жуйки бабл гам - куріть на здоров'я, дітки!",0
"Люди пишуть про серйозні речі типу курва-радіо-телебачення-преси, а я перекладаю текст про Герміону і ржу з коментів.",0
Учасники переговорів з Ляшком закривають обличчя щоб стримати сміх,0
"Паблік Жадана і Собак пише, що можна замовити в них доставку диска.",0
"Нудить від себе, від одягу, від людей, від життя.",0
"- Мам, у нас є пшениця на кутю?",0
"Стажером в мене - донька Костянтина Грубича, ведучого моєї улюбленої в дитинстві програми.",0
"Ви вже визначіться, трилер знімаєте чи комедію!",0
"Ой, там пвд у вк приходять.",0
"Він завжди як сповідь, як катарсис, як благословення, як літера ""delete"", як чистий аркуш.",0
Та ні...Вона лише улюбленцям своїм поблажки робить...,0
"О, прізвище лідера Правого Сектора практично ідентичне з моїм, афігенно)",0
і я і я)) RT : А Альонку я просто люблю)))) З Днем всіх закоханих**,0
А надалі він вже може й відростив.,0
"Красиво привітали з днем незалежності, що наближається.",0
"RT : Скажіть завтра комусь з близьких, що ви ним/нею пишаєтесь.",0
"Боатенг - крейсер, проти Гомеса потрібні протитанкові їжаки... коментатор, я тебе ніжно люблю. ти продовжуєш мені життя!",0
"ну що ж, от воно моєвперше — витягла чужі речі з сушки, бо задовбалась чекати, поки звільнять",0
Ух ти! не знала що його проголосили офіційним місцем 3асідань блогерів:),0
Чи не вперше знайшов хорошу підбірку в яблуко музиці,0
"Була весь день схарена, бо на весь Берлін нині баси, бум-бум-бум з усіх усюд.",0
Колообіг підріл на твоєму життєвому шляху.,0
"- Мені треба додому, щоби погодувати...",0
"Реально дуже смішно, адже «уважать себя заставил» це евфемізм для помер.",0
"Не прокакали свої вихідні, їздили на відпочинок і тринькали баблішко.",0
Обожнюю коли в одній кімнаті багато троянд.,0
"-""Может кто заскринил?""  -""а мне срин скинули"" -""поделись скринами""",0
"Мама відмила рондилі, способом від   Читайте #блог",0
І їду через півміста з порваними на коліні колготами.,0
"Дядьку, не плутайте божий дар з яєшнею.",0
Їду з найкращим другом завтра до Тернополя.,0
"Я всього лише хотів сказати, що мені прикро, що мій друг вибрав добровільну ізоляцію.",0
У нас турок був лапочка.,0
"Я просто озвучив мрії Ля))) Але,якщо ти  То я отримаю твій блокнот)))",0
"так і роблю, але не завжди знаєш, коли режисер вирішить замочить тваринку",0
"Сріблянка у якості захисту від того, що the truth is out",0
А я ходжу під’їздами і роблю квіточки),0
: Життя на смак як соус Ткемалі - кисло-солодке.,0
"Люблю, коли в моєму гаманці живе Сковорода.",0
Пробіотики в таблетках чи їжа з ними?,0
"Погоджуюся, сміюся, люблю всіх і все, живу далі.",0
"знаєш, моє серце вже зібрало свої речі, і стукає до твого серед ночі...",0
"вони тебе, мабуть, вже занесли у базу злосних хуліганщіц",0
"було цікаво, стало дивно. яблуко краще)",0
"гуманітарії по кісточкам на руці рахують, не те, що ці ваші формули.",0
Уроки цинічної розкрутки: / паблік Stud Works,0
"З надією, що не буде ""контрольного"" ми притворялись мертвими серед вбитих",0
"багато вже позносили, особливо в метро",0
"Дуже #раджу (@ Multiplex -  in Херсон, Херсонська обл.)",0
Бо розірвуть на куски всіх трьох.,0
У мене дуже проста логіка.,0
"Надворі налякано гойдаються дерева, з усіх витяжок доносяться моторошні звуки.",0
"Вони, по ходу, в шоці від того, що люди знають їх пісні на пам*ять))",0
Кожен поглинутий своїми проблемами і думає тільки про себе.,0
А я ж навіть і не люблю нутеллу.,0
"Знайшла садок, куди не страшно відвести дитину.",0
"Раз,исмєна кадра,я вже навалюю йому за літературу",0
домашня мережа  правда у них інколи бувають проблеми із стабільністю…,0
"Хочу якось перед сном затвітити тут: — Чорт, та це найбільш не просраний день в моєму житті.",0
"На добраніч, твіттер   Всім чарівних сновидінь і теплих обіймів (якщо не людських, то хоч ковдрочки).",0
"Ахахахах, нє будуть писати ""коли фотки будуть?""",0
"Ну, якби я придумала цей стиль, тоді може б і було  Це по-перше.",0
"А,і да,я мала це написати - Сєкта,я люблю вас!",0
Чифір & патологічна ненависть до влади.,0
але я роблю в мультиварці. на режимах випічка+підігрів,0
"Дуже люблю прохолодну погоду, бо в улюбленій куртці і кірзячках мені комфортно^^ @ #VovaNata хата",0
"Поліцейські були афігєвші, Макс на гіроскутері тягне мене на лонгборді",0
твіттер показує лише останні 3.2к твіттів. якщо яндекс встиг проіндексувати твій акаунт — то в його пошуку по блоґам.,0
"Її одразу видно, там стоїть вишка над всім містом.",0
Піти на львівські круасани - 100грн.,0
- Вона б сподобалася Гітлеру.,0
"Многоходовочка від ""королів"" Вестероса.Я це люблю) Мартін молодець) Леви показали свої клики.Дракони в пастці...",0
або закривавлена сокира та відповідний вираз обличчя.,0
Гостей-крадіїв нам тут не треба =)Р,0
"позавчора закінчили дивитися 1й раз — чудовий фільм, але особливого бажання дивитися ще раз (поки) немає :)",0
ми з друзями марафонщики вони долблять без вихiдних а я працюю,0
"Ой, Китайський привіт не люблю :(",0
"Цієї ночі снилося, що знову сижу на лінії тех. підтримки.",0
"Ну типу те, що комусь погано, не дає право зганяти злість на інших.",0
"передавай обійми Вікусі, якщо вона теж там, серед тих 16 оthеrs  (:",0
За 10 хвилин стояння коло пікчі встигла почути навіть ломану російську інтерпретацію вустами китайця.,0
Брексіт якось вплине на працевлаштування з материка? там в основному в цьому проблема,0
"Ну його нафіг  Староста пише посеред канікул  Свят, свят, свят",0
"Хочете чистий Париж без емігрантів, їдьте…",0
"Моя вечеря, коли ""блін, щось таке хочу, але шо..... блін шо я хочу більше, блін""",0
А саме тоді мені найдужче хочеться грати.,0
"Відлинювала від прибирання, жуючи мандарини.",0
Я просто хочу всьо його бабло,0
"Цілий день на підборах то щось ніфіга не весело, прямо бажання вмерти з'явилось",0
"Була в одного, послали до іншого.",0
"Якось так, не знаю чи ти зрозумієш суть моїх слів.",0
"Це Таня Ричкова чи фонд ""Таблеточки"", чи друзі, чи Притула.",0
Тіпа капєц кидай всьо бягі мене развлєкать.,0
"- О, цієї фобії у тебе точно немає.",0
"Шо б ти не сказав, хтось завжди буде незадоволений.",0
Смішний чи серйозний - то все одно.,0
"Навіть подумую так доцю назвати, як буде :)",0
"Може, це прозвучить дивно, але я дуже люблю громадський транспорт.",0
"Кароч, чергова хрєнь, яку придумав мій мозок.",0
В харківській Корові три роки тому смачнюче їла.,0
Той мерзотний запах ще тиждень не зійде,0
Хочу скільки як в інстаблогересс - переїдати половиною яблука.,0
Сиджу  в позі гопніка під дверима і їм сосиску.,0
"Зогляду на все, ємність ринку в нас ок",0
і нема лєктора і моськи блад. хештеги аувасвстокгольмітакогонепоказують танянарубайдрова,0
Нарахувала близько 30-ти лебедів на Дніпрі.,0
а оппоблок будуть виконавцями цієї почесної місії,0
"І ще про людей, тож потерпіть трохи, будь ласка.",0
"Дайте мені точку опори, і я зроблю з неї привід випити.",0
Зараз з фіолетового є лише вони.,0
"так в тому то і проблема, що ці формати я використовую паралельно.",0
"Я тут збиралася спати, бо в мене завтра іспит.",0
"А я до слова норм ставлюсь, а от до самих мєропріятій...",0
Ну а я люблю морди бити))),0
Так а таки що там з прослуховуванням Сінагоги молодими сцитнєковцями?,0
Сходив подивитись що там задвігає Айдар під міноборони.,0
не варто ставити гомосексуалістів ув один ряд із наркоманами й алкоголіками,0
"(@ Мапа / Mapa in Львів, Львівська обл.)",0
"Все добре) Шостка, Сумська обл. А ти?",0
"Скажи, шо ми мужиків приведемо.",0
Люблю мацати дівчаток за балабончики на шапках.,0
"Тепер ще й паблік УЗ вконтакті перепостив))) Мушу визнати - чудовий матеріал, Петре)",0
"Я п'ю імет, то як дабл ібупрофен",0
"яка стадія? вже ""до дірок"" чи ще ""все підряд""? :)",0
"Повторюю, то вам батюшка гріхи відпустив одним махом.",0
"Cтрасті Христові (режисер - Крейда Гібсон) на великому екрані улюбленої ""Кінопанорами"", 16/04, 16:00.",0
Спочатку ти пишеш неоднозначний твіт про мову.,0
"Зовні готель нічим особливим не виділяється, а ось всередині самі можете подивитись на фото).",0
"- Я поняла, шо у мене нема типу.",0
Виглядає над долину Місяць-Ростик з-за гори.,0
Я ще в житті такої смачної не пила!,0
А там в чувака статуетка з 11 Доктором і на шиї метелик.,0
"Люблю, коли поїздка перезавантажує і трохи чистить думки.",0
"Подивилася з малою останню частину ""Сутінків"".",0
За що я люблю Vivienne Mort - то це за їхні тексти.,0
"Ми таки щось здобули, браття і сестри!",0
"Але я подумаю, як не буде варіантів.",0
От смерть від таблеток для мене дуже ймовірна,0
Ще парочка квитків на шару і я полюблю футбол),0
серед переліку холодних салатів - теплий салад. непорядок,0
"І зауважила, що десь зникла моя улюблена сукня - а вона доволі об‘ємна і помітна.",0
"Ех, можна мені чудо-маску від усіх проблем зі шкірою?",0
"Китайці, нагадаю, купували ""Варяг"" під казино.",0
"Хлоп,  що в мене закохався,  виявився свідком єгови.",0
"Одна справа ненависть до ворога, який зі зброєю чи...",0
І чи не вперше я зроблю такий анфолов публічним.,0
"За два дні після оголошення ходи в президенти, до кампанії ""команда Зе"" приєдналось 200 000+ людей.",0
Мені пахне печеними яблуками і булочками з корицею.,0
"Хороша новина, що він лежить в коридорі, а не безпосередньо в душі",0
Скідаю фотку шо подружка подарила лікьор Мама :  3.,0
"А чорноротий люмпен, що жадав скалєнії – додихає.",0
-На машині?  ... - та ти на пару встигнеш ..,0
Його важко не помітити і він завжди додає +100балів до настрою.,0
"Якщо випадкова вагітність, то в чому проблема її перервати?",0
ЦЕ БУЛО ВАЖКО ТРИМАТИ В СОБІ!,0
"А мама мені з порогу:'Кать,ты что-то употребляєш?',а все через мої очі(",0
Отримала фотки нашо сім'ї від  Віка!,0
"Черниш знає, як мене треба обробляти.",0
Але всі симптоми стокгольмського синдрому на місці.,0
"- взагалі то, там сидить твоя підписниця.. - шооо?",0
"Біль, коли трояндове стебло із шипами зі всієї швидкості завалило тобі в долоню.",0
Хіба тобі невзападло рахувать три чи не три одписалося?,0
"ну я його бачив, але думав ше в чомусь особливість) Тоді фігач)",0
"запєлі, 1 день вистачило Бродецькому щоб за бабло невідомі твіттери піарити",0
"Де себе подіти, якщо музикант поїхав?",0
"О_О ""На кордоні Чернівецької та Івано-Франківської областей прокинувся вулкан"".",0
Ніколи не кажіть 'мені б твої проблеми'.,0
"А я зроблю бухлішко-бота, що моніторитиме знижки на алкоголь",0
"Блін, що теж Шевучуків любиш?)",0
Ґуґл вже майже півроку ніяк не може це виправити.,0
Ноги і роги вже є :),0
приєднуйся якось) (в тебе гарний бложик),0
"*якби ж ти тік знала, що я вибухав вночі, лол*",0
"ну я теж сирими їх люблю, але от вирішила спробувати) п.с. знаю, шо ти банани не любиш)",0
Але давньоримські терми крутіше за таку діжку =)),0
Санкт-Петербург идет ко дну и приближается восток..,0
"По суті, покарання за богохульство-то вже богохульство.",0
"ДАІшники наближаються до лідерства у списку “улюбленців“ народу, впевнено наступаючи на п’яти беркутятам, тітушкам та регіоналам.",0
"Я люблю чорний гумор, а його справді не всі розуміють)",0
На чому базується ненависть до людей з вадами?,0
Фінал Ліги Чемпіонів - то не для ніщєбродів.,0
Тортури прибиранням тривають вже 5-ту годину :),0
"Єдина проблема кожного ранку - придумати новий аргумент, навіщо мені потрібно прожити ще й сьогодні.",0
То на публіку я пишу просто,0
"Цікаво чому кожного разу перед відпусткою на роботі срака, ще й така непердбачувана",0
ахахаха я і так люблю життя так що все буде навпаки,0
Час мандрувати у царство сновидінь) Нехай вам насниться герой з улюбленої книги) P.S.А я побігла до містера Дарсі^^,0
"На ""Арсенальній"" грає кода із ""Лускунчика"" козака Чайки, 10ник згадує дєцтво, Кулішка підсміхується #кусятник #КиївЗараз",0
"Почуваюся Мойсеєм, який нарешті виблукав з пустелі))",0
"Не,то тільки кастрюля так вимазана була =)) я її облизувала ))",0
"#моє вперше Цей 7777й твiт присвяцую, усiм кого я люблю.",0
"Від чувака так штиняє, наче він вмер і вже почав розкладатись.",0
Подарувати Укрзалізниці каталог середнього зросту дорослої людини.,0
"Ті хто собі веселяться норм, не зважають на інших.",0
Гублюся у сотні варіантів смішних відповідей.,0
"Згадала, шо Діма читає мене в твіттері, тільки не знаю з якого аккаунту.",0
"Як же я люблю, коли мені шепочуть щось на вушко.",0
"А ше після документалки про Північну Корею, приснилося, що я вштабі спротиву диктатору й підриваю ліфти.",0
"Верхня м'яка кишенька - для окулярів, айфона і всього, що легко дряпається, казали вони.",0
"Коли ти успішно закрив цей предмет в Україні, але доводиться відсиджувати його тут ще раз.",0
Не люблять мене - не люблю себе я.,0
Ходити б і вилазити на дахи цих старих будинків.,0
"- Хочеш - приходь, хочеш - не приходь.",0
"Дощ іде, десь такий і настрій :((",0
Ціна 230₴ але хз як то рахують.,0
ДрібноМʼякі загнуться якщо зроблять офіс безкоштовним.,0
"Коли ви останній раз читали новини про те, що руські знайшли розгінні блоки своєї ракети?",0
Мої предки владали землею —  їм належала ця земля.,0
Не суди по собі - найчастіше так і відбувається.,0
#ЛяВорк Посеред робочого дня Женя кудись зібрався: - що тікаєш з корабля? - ти що мене щойно образила?,0
Я інженер аналітик із семирічним досвідом роботи...,0
"Одразу прошу пробачення, але мені не дає спокою одна думка.",0
"Моє ""ні"" - це ""ні"" !",0
Богдан: *запалює цигарку* провідниця: час заходити.,0
Чому мені раніше про це не сказали!?,0
"Но в мене достатньо тіла і вище колін, щоб я не особливо через це страждала.",0
"Не подумала би раніше, що так люблю сніг.",0
"Чудовий вечір, по келиху вермута за іменинницю,пісні під гітару...люблю такі посиденьки))",0
"а на моє завжди дощ іде, поки мала була теж плакала, а підросла - змирилася)",0
"#ЛяЗберігає  Бож, я і так нічого не розумію, боюся, що не люблю, а мені це ще й доводять...",0
Справедливості заради: мене нервує більша частина людства.,0
все не виходить з голови розмова ...з другом? не знаю чи і друг. особлива людина в житті.,0
"Одним словом не сподобалася, коли їси викликає блювотний рефлекс :(",0
де можна крім ласта глянути найближчі концерти найближчого серцю виконавця в найближчих містах?,0
І ніхуяшеньки їй за те не буде.,1
"Я знала, що вся ця шобла зараз активізується.",1
"Адже зовнішність людини ніяк не винна, що вона в душі просто уєбан.",1
"а цитую ""в пізду м'ютити"" культурно?)",1
Найгірші відчуття - то коли спадають штани і коли життя котиться в їбєня.,1
"Я сказала ""Ніщо так не зближує, як обісрати приватбанк"".",1
"Препод каже, що то хуйня все і то не то.",1
"так, бля, а це шо за сексизм на рівному місці, я не поняла",1
"Я пішла-полетіла, не проїбіть країну без мене і так далі.",1
"Заїбалась уже ту ініціативу брати, скільки можна?",1
"А зі всіх компліментів які мені казали, це те що я підар",1
Дивлячись на оце ганебне блядство стає більш зрозуміло чому пуштун вихватив по їбалу.,1
Хочу розхуярювати черепи вже трошки менше.,1
"Уйобки, вам тра більше  на аватарки.",1
"Уже уявляю як мені завтра хуйово буде;(((((((( запам‘ятайте мене молодою і гарною, а не запухшою і з мінералкою в руці",1
"- Тоді розписуйся і на кольцо, блять.",1
парасоля ніхуя не помагає дощовик типу не буду йти як лох в кульку тому,1
"Тінкі Вінкі, Діпмі, Ляля, блять хулі так холодно то?!",1
"сука, ненавиджу серіали. і так зле, а тепер ще й реву.  краще б поспати пішла.",1
"Тому як тільки починаєш це відчувати, тікай блять, тікай і не озирайся.",1
"Та нима села такого, шоб прям охуїнне Педоси-одні такії у всій Україні!",1
"сепаратисти в зелло сруться між собою, ололо))",1
Кардинально інше і через таку значну масу бидла зі зброєю страждає весь образ солдата в цілому і атошника зокрема.,1
Ну бо 43 чоловіка - це вже рілі дохєра,1
"Ну тут хуй знає Чесно Як коли, все залежить від історії ЦЬОГО",1
" я в Ірландію хочу дуже, але на літак ніхуя грошей нема.",1
"я вже тоді не витримала, написала одному з них. кажу бля, народ - харош хєрньою займатись",1
"а сісьок в тебе, як не було - так і нема.",1
Ця близькість приведе лиш до неосяжної пизди.,1
"Гм, щось моя хуйня або недостатньо хуйня, або людей таких не існує.",1
"нє іщю льогкіх путєй)  Якщо й сосать, то на БМВ.",1
" всім шлюхам шлюха, я щитаю :DDDDDD дай добряче в диню тому, хто це сказав. ненавиджу, коли таке верзуть -__-",1
"Не можу поповнити картку Приват, тому що я з Криму і без довідки, блять)))))",1
"я слухаю багато дистанційних курсів, та жоден із них поки не навчив мене головного - як спекатися мудаків",1
"Але ж, блять, коли несеш стільки тепла, це мусить бути вартим, але ж не суїциду.",1
"Ето нє твоя війна, раз в жопу на, патом міріца і цяй піть, за рублі нєзазорно дружьіть!",1
"Я роблю вигляд, що все класно, хоча насправді це повний пиздець (Всовую у вуха два навушники, хоча один не працює)",1
"Дуже важко бути депресивною мразіною, якщо ти виглядаєш як весела квіточка.",1
Інакше це блять ніяк не пояснити.,1
трахатися із ол ай нід.,1
І оце така хуйня буде аж до сесії...,1
"Ага, й судячи зі звуків, то пацани там на каблуках їбашать",1
Ой іди в жопу) Люблю тебе все одно,1
"і я, знаєш, виділила собі півгодини часу і написала там, що ви кончені мудаки, я вас всіх ненавиджу""",1
"Дострокові перевибори зараз – це коли того, хто за них топить в сраку їбуть.",1
Саме він) Хоча б заради всіх ахуєнних сцен зі Скарсгардом його треба передивлятись),1
Y: Пезда по відпочинку Х: Що скажете людям?,1
"сьогодні твітор шутіт про гандонів і політиків. а раз у нас це сіравно одне і те ж, то ось тащіть",1
"Ну ясно, курва Будеш ти мені шось писати...ХЄР Я ТОБІ БУДУ, БЛЯ, ВІДПОВІДАТИ!",1
"Так якого, курва, води немає?",1
"Тих, хто стверджує, шо в мене хуйовий характер, я посилаю в хуй :)",1
"блядська доріжка, це та доріжка по якій в вашу квартиру потрапляють ****?",1
"Спітніле їбало, мокрий одяг, опіки й пересохле горло.",1
Увесь твіттер у ваших їбучих котах.,1
" облити цих мудакiв водою, зацитувати Леся i натравити на них якусь бабку-сусiдку)))",1
В черговий раз Маск з своїм Falcon 9 підпалив сраки русні.,1
Щоб тобі курва тим кадилом писок в гімно змішали.,1
"Якщо не бути на місці і постійно щось міняти, то ніфіга не доб'єшся або як мене завуальовано попускає бабця",1
"Добре, найбільш щедро обдаровані з нас врешті решт йдуть нахуй в бан",1
"Прийміть уже закон про оскорблєніє чувств нєвєрующіх, а то захарили тим ісусом в їбло тицяти.",1
"*полнєйший брєд, але по іншому тут буде овердохуя соплів*",1
"от мама зарегається в тві, побачить і нахєр з хати вижене)",1
"А я згадую свої ночні пріключенія з ахуєнними людьми, портвейном і мальборо красними",1
Я вже така уявила тварюку яка відпочиває посеред дороги і думаю оце у вас в гейропі нрави.,1
"Бажання зібрати манатки, викинути телефон (благо в мене є плеєр),купити білет і кудись з'їбатися, бажано до моря і скель.",1
"- Нє, дякую, я ліпше хуї поштурхаю за ваші гроші"".",1
"Так, бо платять гроші Я то впринципі хочу вчитись, але оці мозгойобки.. я не готова.",1
": як би це з хворою спиною лягти правильно Я: ляж на хуй, не помішає",1
я помилилася... гірше Видно ти явно по мені поїхала головою.,1
Блядь як донести людям бодай крихту мізків?,1
"Мене нічо не задіває, я просто натякнув, шо ти написала херню.",1
"та ти блять знущаєшся, як вивчити",1
"Бля, я хочу, але вже не в Києві, ну курва(",1
"Треба і любити і пиздити, сорі)",1
бля та сама ідея була) тільки щоб ніхто не знав що то я))),1
Фу ти що той як його підар?,1
"Незручно, коли ма присилає смску ""Як там моя принцеска?"", а її принцеска дрочить.",1
Навіть в какао пиздячу різні перці і таке все),1
"Не насмоктала, а заробила за особливим методом.",1
Тому що ця йобана влада геть нічого не робе!!1,1
"блядський форсквеа.через нього стосунки з матір'ю знову на межі.кароч,я вчасно звалюю. терпіння мені,терпіння!",1
"Я товаришам обично сіськами не кидаюся, власне кажучи",1
" сука, ти мене смішиш",1
Нахуй вам та русня блядь?,1
"невже я такийдурбецл))) хрестик наводиться, жму, нічого не перетягується, курва))",1
прогулювалася по Хрещатику одні араби і шльондри-офіційно заявляю Я НЕНАВИДЖУ УКРАЇНОК-СЕКСДІВУЛЬ.із-за них нас так і сприймають в світі :(,1
"Розум: Галя, щоб в Україні ти могла далі купувати собі всякі ніштяки, вилазь з ліжка і вйобуй.",1
шо так багато хуйового альо,1
Вже відчуваю наскільки ахуєнним буде цей робочий день.,1
"Та в мене сьогодні бомбіта-день, бляха",1
"Не встидайся своєї зашмарканої душі.То фігня, що вона убога.",1
/ Порошенко піздить не менш як Юля.,1
"Млинці з нутеллою та бананами, сучки  #ням",1
"Блять, баби, сука, чому ви просто не вимрете?",1
у мене на карті теж було. але блять де банкомати де гроші в тих банкоматах?!!,1
"хочу на якийсь потужний концерт, щоб отримати дохрєніща крутих емоцій, які перекриють всю цю хуйню в  жизні. всьо, все сказала.",1
"Власне, пора гасити цей блядський цирк.",1
"Баби, бережіть своїх мущін: спочатку вони з якоюсь курвою музику однакову слухають, а потім трахаються",1
"Як же заєбали ті вічно ниючі про своїх мужиків, які когось там лайкають, баби.",1
"Бо _важливі справи_, часікі то тікают і оте все гівно.",1
Ніколи ще не було так похуй на ака.,1
"тіпа друззя прислали фоти присвячені тому, як вони забули взяти мене з собою в Бук. ублюдки",1
"Я зрозуміла.Були випадки,я непритомніла в метро.Коли я добре почуваюсь,я поступаюсь місцем,коли погано-хай бабки йдуть до сраки.",1
"Та я теж знаю шо ти за уйоба, того теж не сильно горю)))",1
знайшли навушники НТС на лавці.сидимо тягнемо одне на одного.жлоби-ніщєброди),1
"Жарти про сильну й незалежну як жарти про триста: ніби і заїбало, а ніби й відсмокчи у тракториста.",1
"буде сумно якщо проїбуть, це був чи не єдиний крутий серіал",1
"бля, ну як можна захворіти в таку погоду!!!!????",1
Ну от нахєра цим хештегом #ЕсенинФолловитГейпоэзию принижувати великого поета???,1
 спиздила в тебе кілька пісень)) Оця під настрій: Wildways – What You Feel,1
"Коли на питання «чи можна вам заколядувати?» я відповіла, шо «нє, не можна», діти ахуєли.",1
"бляяяяя, я мала прокинутись годину тому -__- чортчортчорт, от довбаний день, і кліп, і всьо так тяжко!!!",1
"І кава хуйня, наче з маку",1
можна просто насрать в кабінці),1
Захист реставраційної ради: піздєц підкрався незамітно.,1
" ну от бля, я вже нити починаю.",1
"Заряджаю телефон, одночасно сижу в Твітері, а цей гімнюк заряджається в іншу сторону.",1
@ Центр Києва забитий нахуй машинами під верх,1
Це не просто гудіння у вухах: це йобнуті думки з розгону влітають до голови.,1
"блекджек і піздялки, хто хоче острих ащушєній вам туди",1
довбанутішого за рен і стімпі годі знайти і по сєй день,1
"Піздєц, я такий безкоштовно могла будь-де знайти",1
"До сраки манери, піду перший.",1
Та ну його все нахуй з такими реверансами.,1
я блятт так погуляв що тепер ходити не можу,1
Моргунов сидить і пизда тішитьсяя.,1
"Шоб тако ""Йобана, я тупе чмо.",1
"я знаю стільки безкультурних мудаків-корінних киян, що вже давно не думаю стереотипами :)",1
Мені подобається навіть читати ваші охуєвші твіти про стендап:),1
"Волина читає мене в тві, бляяя",1
"Да, тобі пізда Забудь де я живу",1
"Єбанутись, а потім розвод через рік, бо заєбались і не нагулялись",1
"Ніколи, чуєте, блять ніколи не їздіть автобусом Київ-Вільнюс.",1
"Взагалі, на русії хєрово все і так було, а тепер на русії ще й бояра.",1
"Ладно, визнаю, помилився 3 довбойобки, а не 2 (тепер це точно про тебе!)",1
"Занадто часто використовую слово блять, блять.",1
"Телефон бореться із моїм синдромом Турета, виправляючи «блядська» на «боярська»",1
"- Поцілуй мене під хвостиком - Це куди, в жопу шолє?!..",1
"Ахахахха да, мене так легко не наєбеш",1
"Вибач, я 175, дуже вимоглива і розумію, що менше 53 тобі нахуй не тре",1
"Фраза вчорашнього вечора :"" Той момент,  коли чіхав пизду і випадково почав дрочити """,1
"Що ти порівнюєш, терпило ти тупориле?",1
"Люблю зустрітись з другом на попіздєть і дійти до того, що дівчата якісь йобнуті",1
А часто ще на різних різні розміри  І хуй поймеш,1
Ryanair - це коли у сраку їбуться.,1
Завод по проізводству сосатєльних хуйов.,1
"Пашол нахуй, далбайоб Нічо ти не шарив",1
" ми, жидохвашисти по другому не можем ніяк – ето навіть всесвітньо відома інфо агєнція Звізда підтвердить, ага.",1
" я заснув о 5:30, поспав годину, прокинувся, хуйово...",1
Та йди ти нахуй з такими реверансами.,1
"Так хулі ти квиток не купила, дура?",1
"Ммм, завтра гавномальчішнік без норм бухлішка, туси, стриптизерок та торта у вигляді сісьок.",1
"Бля беру по книжці в день, на решту забиваю хуй Колись ділила навпіл з сусідами по парті, тепер просто забила",1
іди на хуй :3,1
"Якщо не знаєш, чим зайнятися, то просто їбаш плечі.",1
"Отака я хуйня, зіпсувала новий рiк і собі і людям..",1
"Не усі ж такий люмпен, уйобки.",1
#Хто_рано_встає той у Чорну пятницю більше понакуповує всякого гамна своїм рідним за святковими знижками!,1
"Хочу, щоб закон дозволяв обливати бензином і підпалювати тих, хто звертається до мене ""жінка"".",1
"Я був став забувати, чому саме Рома Скрипін гівноїд, аж раптом",1
"блять, сто тисяч людей вже 10 хвилин не може вмерти (с)",1
"Потенційним роботодавцям слід звикати, що я піздєц.",1
"Якби ми завжди твітили лиш те, шо хочемо, хуй би нас хто читав.",1
Вапше от удівітєльно живуча манера гомо постсовєтікус перейматися чужими піськами і вагою.,1
"Ну хто міг подумати, що вони виявляться гімном?",1
Хаххаха окей Ми жостка наєбали всіх,1
"да, тільки замість грабіжників за моїм рукожопством спостерігали однокли, лол",1
"   до сраки той розчин, юзала його для ""когтєтки"" - не реагує",1
" ""пиздіти за життя"" піде?",1
"Цікаво чи бро то читає все, чи тупо лайкає на відєбись",1
"А хуй там, сама відкрила.",1
" бля, да це капєц) я на роботу болт кладу, на все , а їду у Львііів, бо не можу...)",1
Я вимикаю світло і посилаю все нахуй,1
"Одним ""гаспідаром"" менше, лишилося ще кілька.",1
як раз гуторили про ймовірність диктатури.юа RT : В сій фігні важно самим не перетвориться в Расєюшку - ДД,1
Кутєпов що не скаже - як в муку пердне.,1
Відкрий свій ломбард з блек-джеком і шлюхами,1
"там реально не так багато тих піздостраждань, ну от зовсім",1
" хай би дратівливі трахали ""вічних сонечок"", а за цим слідкували б ті, хто каже що всі проблеми від недотраху",1
"Бля Яке ж воно огидно гівняне, це підруснявлене старе гівно.",1
Та ти ахуєл Перед тим було на 4+,1
"Ви там всі упоротоніну в'єбали, чи шо?)",1
"Тобі похуй, тобі ж все рівно на все похуй",1
В кожній фірмі/компанії/холдінгу знайдеться свій мудак.,1
Ти сука хто вобше такий?,1
Дві новини: 1) я — космонавт 2) в потязі до Любліна ад пізди,1
 о так  Це все правда  Нам срака,1
"Луценко, що нокрав – може в декларацію, а борці нєєбацца – ні бгг",1
"Легко відвернути чиюсь смерть, повернути в невирішені проблеми, але потім нахуй забути про людину.",1
Веселий Пєтя - то піздєц твіттеру)),1
чого я люблю рускій рок? як так сталось бляха. - шо ти слухаєш? - рус..,1
"живуть сука, одним днем, якщо то взагалі життям назвати можна некогда ждать, сьйєбьонтамать пака брага доіграєт",1
"піздуй в метропаб, ти мені три пива висиш)",1
"Те відчуття, коли передчуваєш тонкий аромат грядущих пройобів і піздюлів від колег.",1
"Це ж твітер, тут всі їбануті",1
"Логікою і руками, що ростуть не з жопи, трубу що прорвало перетворили в звичайну трубу.",1
"Чому ІДІЛ не хоче взяти відповідальність за всю ту хуйню, що відбувалась зі мною минулого року?",1
Сьогодні уві сні нарешті трахнула НЕ колишнього!!!!,1
Т:Та бо ніби шльондру викликала і на ній щей відмітки хто її трахав і торкався!,1
"Коли в тебе охуєнні друзі, котрі знають що дарувати.",1
"Краще нічого не робити, ніж робити хуйово.",1
Ти зайшла до кімнати і вона може тоже така: блядство.,1
"Вкотре охуїваю, скільки у Львові російської мови, інколи навіть в Києві менше...",1
"Здається НАБУ ""ніколи до цього і ось знову"" обісралось.",1
"Стіпухаааааа, блєядь, ну де ти???",1
А звідки в Міли Йовович цицьки взялись?,1
"Давно помітив, коли все класно в особистому - хуйово на роботі і навпаки.",1
У цьому світі незмінний лише пездець,1
"Ох блєт, залунала пісню під яку я зазвичай катаю і аж ноги затремтіли....",1
"Бла, чую день буде хардовий шо піздєц)0)",1
Просто довго і безбожно мене їби.,1
"Просто треба було пам*ятати, що, якщо дозволяти собі емоції, реальності похуй на твої дедлайни.",1
Чому у дівчат з ахуєнними сраками маленькі сіськи?,1
"З такими простими питаннями заїбалась, а попереду ще адіще",1
"-Почали з очка, закінчили хуями.",1
та атмосфера дуже хуйова напастой дойобується щось тре він мене крики піски і всє діла,1
Ну вести твіттер то тобі не коників з гівна ліпити,1
"Можна і мені, щоб ""а чи треба"" стало сука нарешті старою звичкою(",1
"поки молоді не усвідомлять що до чого, там сидітимуть пердуни. є молоді амбітні до таких справ.",1
"Якого х#я ви йдете на _поступки_ абсолютно аморальним хуєсосам, що не хочуть декларування АБИ НЕ ПОКАЗУВАТИ джерела фінансування.",1
"Здається, вже справді час отримати профілактичних піздюлів.",1
"Називаю своїми людей, які ніхуя не мої.",1
#Педоси солідарні з Виликобретаньою!Але ми не будем висилать наших кацапів з села-вони нам нужні пасти череду!,1
. кароч нормальний такий мужик з народу не то що та залупа Шустер,1
Сказала людина з уїбанським юзернеймом.,1
Ніхуясє Ну я може перегнув Но минулого року рілу простий зошит єбаний за 40 грн купив,1
"Віддайте мені вже диплом, підори, і котіться в їбєня",1
Довелося послухати чек і знову подрочити.,1
"Ахуєнно, коли в тебе 9 пар на тиждень, 4 з яких ти вже проїбав, а 1 відміняють Нормас так))0)",1
"Не вистачає лише: ""мені 8, а не 15, довбаний ти касир.",1
"Але ж блядь, корупція тільки в Україні.",1
"Нехай мені насниться епізод з фільму Лінча, або те, як я дрочу чиїмись відрізаними пальцями, чи те, як достигають апельсини.",1
"Якщо сумно і піздєц, А надворі халадєц, ЖРИ ШОКОЛАД ГИИИИИИ",1
"- Це означає, шо пора перестать дрочить - Здохні от СПІДа, обмудок єбаний",1
"Подивившись на список предметів, можу сказати тільки одне: йоб вашу мать.",1
"Спершу випускають своїх піздюків грати на дорогу, а потім водії винні, що ті їм під колеса кинулися.",1
"Хто просрав окуляри, той я :/",1
"Коли друг заїбався читати мої твіти про ""Ромашку"" та кокосові шоколадки.",1
"Норм так - поки Україна слєганца «конфліктує» з Рашкою, тут є м‘ясокомбінат з красівих женщін.",1
того мене ви блять в сотку повели,1
як мінімум чувак на фотці хуйовий,1
емоції мене не тупу пізду перетворюють.,1
доця хуйні не скаже,1
Класно бо толком ніхуя не видно,1
"А ше смішно те, що пояснити чому я шлюха вона не може))0)",1
"Здається цю хуйню називають ""життя"", але я точно не впевнений",1
"Знаю охуєнну пісню, але не поділюсь з вами, бо ревнуватиму її.",1
+1 :D RT : Чо ви ниєте йобвпшу мать?,1
"Ну бля, є люди, котрі живуть в Житомирі, але тащяться по Берліну.",1
"Курам-голови рубать, Свиням-серце протикать, Козлам-різать горло вміло, Кролеві-молотком по тім'ю.",1
Краще б блять щось боліло.,1
Мені здається Шуфрич на #ТВі навалений.. тобто в гівно :),1
"Бо стільки їбанутих спогадів, догадок, висновків, думок - вони все зжирають.",1
"Скільки людей нахуй не посилай, а вони все рівно вертаються",1
Love is хуярити своєму йобарю найсмачніші в світі котлети.,1
а тим часом московські жебраки відмовляються брати милостиню рублями via,1
д: така риба водиться тільки в Полтавській області і в Майкла Джексона д: я в таку пизду блять піздєц блять,1
Ахуєвший - це коли добу не відписуєш сестрі в телеграм,1
писати хуйню на п'яну голову - то в нас з  сімейне хотя НЕ НА П'ЯНУ ТО САМЕ,1
"Люблю, коли кажуть зі злістю в очах, шо я їбанута А нє, показалось, ніфіга не люблю",1
"Жопа к жопе, ноздря в ноздрю - це мовою моєго Сонця і Звьозд щасливе подружнє життя і взаємна підтримка",1
- *погуглила причини виникнення і симптоми хвороби* - бля всьо я уміраю.,1
"У мене сьогодні волосся, наче в барбі, і тут я охуїла.",1
"Вот якби ти написав що додивився, тоді б всі ахуїли.",1
"Лист від СБУ - ахуєнна шутка, куди тут аплодувати?",1
"Сука, як же харить, коли без дозволу шарять у твоїх речах.",1
" не шарю оцієї хуйні про ""на якому побаченні давати"".",1
"Заради того, що хутко з'їбати з роботи, виспатися та поїсти глазурованих сирків, наприклад.",1
" дааааааааааааааааааа. шо це за нєвєдамая хуйня? але цсс, я з'ясую сама :)",1
"Вечером нічний клуб, водка і шлюхи.",1
"4 блядь, нас тепер 4 бдядь",1
"О, знайшов відеофіксацію боротьби антикурвапціванєрів з зрадойобами-євбаками.",1
"А люди, що пишуть ""блет"" - попадуть в пекло.)",1
Завтра бухаю і не їбе.,1
"а якшо я хочу його виїбати, а він морозиться?",1
" я видалила все, що було до 2014, к хуям",1
"Да я бл*ть на х*ю вертел твой выговор!""",1
" ну бля, тоді гоу в вайбер!",1
"Тому от вони, а не хєрь якась",1
"Так блять, на 9-й хвилині мені кинули хуй.",1
"Чи ти із тої касти, що вірить лише у одностатеву дружбу, а хлопець з дівчиною або ніхто, або трахатися мають?",1
"Дуже подобається мені вислів ""срань господня""",1
"Пішла кататися на оглядове колесо, а краще б на хуй.",1
Узбагойся блеать Здай це лайно,1
"В мене так дохуя всього знов, шо мабуть треба починати вставати о п'ятій аби все встигнути.",1
"На русню давно посрать, приємно, що від сьогоднішнього свята так палає в ліваків",1
"В горах звісно дуже добре і все таке, але, блядська алергія, ну як ти мене і тут знайшла",1
"бо треба спати йти, а не хуйньо. страдати",1
"Ти виглядаєш жалюгідно,особливо враховуючи те,що я знаю правду.",1
"Якщо ще не дійшло до когось, що вату тра хуярити в криваві соплі, то мені нічого сказати.",1
"Вже зара мона точно сказати, шо врожай в Педосах цей рік дуже нипоганий!",1
"Чим далі, тим ""похуй"" стає більшим",1
"адіночєства сволачь, адіночєства сука, я нє чюствую тєла, я нє чуствую руку...",1
"Пішки, сука, йти страшніше, ніж їхати машиною.",1
"ставлю ніхуя, бо я тут філолог, вийобуватись будете в своїх дворах, дєрзкі які))))",1
"Яка різниця що буде в майбутньому, якщо конкретно зараз тобі хуйово?",1
"Антонім до слова ""прості"" напрошується ""хитросракі"".",1
"Каюсь, в 11 хотіла того ж, але курва, ну зачем?",1
"Приїхала поміняти шини, а ця контора блять переїхала в їбєня.",1
"та вже якось похуй. чесно, я намагався.",1
Бо та мала то просто пизда,1
"Мало того, шо я запізнилася, та ще й навушники хуй знає де!!!!!",1
"Як казав Данилко:""Авраменко, іді в пізду!""",1
От за це уєбав би Бо вмію,1
ПОШЛЯЙТЕСЬ ШЕ ПО ШЛЮХАМ ПОКИ МОЛОДІ а не вот це все.,1
"Вищий клас похуїзму - похуй на те, що а все похуй",1
"Але, якщо що, всі люди мразі",1
"а мені скоро переїздити, ну бля",1
"Оці тупі розповіді про її нову заю,фу.",1
"ну тік діти на острові поступово перетворились на мудаків, а ці жителі такими були завжди",1
"бля, та це ж тупо піздєц. вони там всі хворі на всю голову.",1
Як каже моя мама: в тебе на голові насрано.,1
"Перманентне бажання зустріти когось,говорити своєю хєровою нідерландською і виїбнутися цим.",1
"Вдень усвідомлюєш, що ти дурень, а вночі - що повний мудак.",1
"Ти заїбав, я ж сумую.",1
"Цікаво, а в ""Детекторі брехні"" вобше були люди, котрі не сосали вітчиму/не спали з родичами/не засовували шось в зад?",1
нє шоб просто і доступно дописати постскриптумом шо вибачте я просто мудило.,1
"На  останньому розділі ревіла, як сучка.",1
. ахуєнно тобі в твітері писати про це,1
"Ніколи б не подумав, що мені підари будуть створювати стільки траблів",1
"Коли просиш мужика подарувати ""золото"", а він приносить якийсь їбаний браслєт.",1
"вони не могли мене нормально побити, бо їх було чоловік сім і вони один одному заважали вешать блядей, просто вешать",1
хуй - це ж добре.,1
"то я робила список імен спочатку, а тоді пішов піздєц",1
Якось слішкам воно хуйово звучить,1
А в мене самої за цей період не відбувалося практично ніхуя.,1
"Чувак написав, що в мене маленькі сіськи, та кинув фотку свого члена.",1
В мене лайтнінг пішов по піздє.,1
"сучка, а мені завтра все робити доведеться.",1
"Сонечко, я, звісно, розумію, що ти хочеш її трахнути, але, може, хоча б щелепу підбереш і язичок назад загорнеш?",1
"Якшо вона тебе френдзонить, знать вона сука, якшо ні - значить, шлюха.",1
"Я вже достатньо налюбилась, це нахуй ніхто не цінував.",1
"Пинайте і кажіть, що я ахуєвша.",1
"Мені вперше в житті трапився такий охуєнний водій убера, що хочеться на нього молитися.",1
"Хочу померти чи щоб решту життя носили на руках, бо блять ноги не тримають.",1
"А він тебе цілує, говорить що йди на хуй.",1
"Накачана дупа  відпочиває більше, ніж ти, лох їбаний.",1
"Шкодую, що під час жодного сексу мене так і не задушили нахуй.",1
" блядь, перші 3 літери, і вже фантазія прокидається)",1
Вас їбуть – з чим і вітаю.,1
Вам теж ріжуть вухо слова «манік» «пєдік»?)) мені щось дуже :D,1
ЩООООООООООООО? свобода лексики то якого хуя ти до мене прийобуєшся завжди?,1
"Так добре коли тобі похуй на думку довбойобів, мммм таке приємне відчуття ;)",1
"Ні, ти вслухайся: мідлклас, все заєбись.",1
Нахуя на терміналах прийомник для купюр розміщують так низько?,1
"а в ІФ не їдеш, сучечка",1
в цьому законі просто присала влада щоб їх не наїбали.Зі строни влади це логічно.,1
"Коли ті,кому норм тикать хуєм в сплячу людину, розказують, ""добре, що я не неемпатичний мудак, як більшість мужиків""",1
"Я б їх тих всих з педіковського параду відправив на передову (с)  Які гєй-паради, коли в країні війна (с)",1
" є версія, що мудаки стають п'яними безпосередньо на борту ;)",1
Не треба недооцінювати гівно пане Каменяр.,1
або ти з хуйом трампа і ми з Сашою вже розберемось на паритетних засадах),1
"Як же ж все відносно, блять",1
Сьогодні всім на всіх похуй,1
"Да йобаний ти сука нахой, я хочу спокійно поспати, а не корчитись від болю Хулі саме зараз!?",1
Radiohead – Let Down #np їбать мене клинить,1
"Шото мої пацани, які реально вкалують в СБУ ніколи не згадували цих піздатих блогерів.",1
"І да, всім було похуй.",1
Кидаєш такий картоплю в пательню і як спалахне вогонь Ну його нахуй,1
"Тіп намалював дофіга різних і одну з вишиванкою і вже ноють.і похуй що з вишиванкою, намалював стільово",1
Православ'я-це коли тибе в сраку благословляють!,1
"Як повернути свою псиxіку до норми після перегляду першої серії ""Чорного дзеркала"", блять?",1
блять троянда троянда малиш маленький #Eurovision #Євробачення,1
"Прийшли подивитися чи стоїть Ленін, стоїть сука, фото-фейк",1
"Знову ці кляты беларусы довели до сліз, ненавиджу прощатись!",1
"Це їх треба знайти, відправити, це, сука, праця, робота над стосунками, сопля ти середньовічна!",1
Більше ахуїтєльних історій богу ахуїтєльних історій.,1
"по бичку знову проїхалися, сцуки г",1
за віконечком цілий день хуярить сніжочок ._.,1
– Чєго доєбалісь до чілавєка?,1
"З Вакарчука президент, як з гівна пуля.",1
"Ой, та я не настільки гавнолюдін.",1
Коли зліпив із епелівського гавнєца щось прекрасне,1
"  бля,я ж мододша за  , це ж я тож мала написати? )",1
Mood: взяти  і піти пиздитись з мєсними,1
"Я завжди біля вікна сідала, тож не дойобувалися.",1
"Забув картку в банковаті, йобаний стид-_-",1
"Не хочу бачити його, занадто багато хуйні останнім часом від нього було)",1
Я себе теж заїбав до речі :),1
"Ну в нього шок, блять""",1
"Якби я писала передсмертну записку, я б у всьому звинуватила їбанутих клієнтів.",1
"Ну, чому тій жінці треба було зайти до ліфту саме в момент, коли я сказала слово ""пізда""?",1
ДЯКУЮ хахахахха але я капец єблан,1
"Хочу довжелезне і нев'їбенно густе волосся, але хромосоми посилають мене на хуй :с",1
"Да уж, чому тебе приваблює ідея повечеряти азіатами?",1
Бляяя...забула зарядне-міняю квитка назад...я лох.тепер без копійки лох,1
Тому не запарюйся на рахунок слів цього придурка.,1
Коли вся ця хуєта захиталась туди мєтнулась Надєнька.,1
"Да ладно тобі, коли взагалі не влюбляєшся тоже хуйня, нада в міру",1
прада целками намагається бути і Порошенка піарить і гамнєца для балансу,1
"Російські друзі Порошенка захоплюють Укр. нафту, Пінчук і Кучма підари - ось темники на завтра)",1
"тань, ти ж понімаєш, шо америка буде воювати з росією до послєднього укрАїнца © хештег ояїбу",1
"Перед йобаними святами в мені прокидається Грінч, бо хочеться все навколо трощити через натовпи людей, які окупували ввесь простір.",1
єбать в пса взгляд тупий,1
"Я розумію, що ти тупе і опущене, тому пишу максимально доступно.",1
в мене починаються отхода а пацан купує книжку за 130 доларів і торгується блять за 150 гривень,1
"Можеш і сіськи, я зовсім не проти!",1
"До єблі і бухла, я вас попрошу",1
Життєво необхідні пригоди на сраку.,1
"Ні блять, я не хочу, аби Насірів просто взяв і пішов.",1
їбісь ано каньом в рік змії.,1
"Терпіння, Аннушка) все розповім   Не тільки була, а ще й сетліст відхватила) ахірєнно!",1
"Я як кіндер сюрприз, тільки всередині йобана гниль.",1
Я - голова комітету Не їбе,1
А Королевській це все не до сраки?,1
"Блять, моя двоюрідна тітка репостить в фб фото абортів, мовляв, це так жахливо, одумайтесь блабла.",1
"Просто дайте по морді людині, що вас харить, і от побачите - одразу настрій до неба і життя налагодиться.",1
я дрочу на літо. але блять не нию коли спека.,1
Подруга побажала в цьому році осягнути Дао та побороти всіх тупих виблядків.,1
Щоб я ще виблювала чи вени собі перегризла?),1
Я срати їбав від чогось відмовлятися.,1
"Пройобана поїздка, в місто доїхала, а далі ніяк.",1
"   ну бля, з тобою я вже бачилась, уймісь.",1
"Ну знаєш, якщо у тебе відразу двоє партнерів є, то це вже певно ти сам муділа.",1
здається за жопу їх брати почали. доколупавшись до руснявої суті. бо теж кажу – поспішають.,1
"Ну шо, де ваші твіти про літо, я вже влаштувався читати ці довбані баяни",1
"Ну курва, курсова на 35 листків А4...",1
"Буде вийобувати, то зробим те шо на картинці, яку я кидала",1
"Тож звична справа: в сраку, звісно",1
І от там вже починається справжня пизда.,1
"яка там сука в мене влюбилася, шо вискочив прищ на носі?",1
Як же заєбали розмови про Трампа.,1
А то по сраці надає.,1
"Коля котик, коли не мудак :з",1
Ні всього навсього під‘їбав українську журналістику,1
"Коротше, ""Ірма"" підісрала усі плани.",1
"Навіть, коли ви сваритеся, вам хуйово, то підйоби - то святе.",1
А ти єбать нормальний чи шо?),1
"В жопу сон, хай проведе день з болем в голові і очах, їй же ніхуя сьогодні не треба робити!!",1
"Заспокоюю себе думкою, що уся ця ватна пиздота (на кшталт коханця Вітренко), що сьогодні куражилася у Києві, дала... ",1
"малеча вмикнула ""всем пиздец"" (орфографію збережено нічонезнаю). і тут я згадала, що не чула повністю нового альбому сан екліпс.",1
"- О боже мой, да всєм насрать.",1
"Тра більше щутєєк етіх ваших, які шуткують коли в жопу їбуть.",1
"Я дуже сподівалась, шо вона наїбнеться",1
"а я не люблю зайобувань, тому дуй звідси))",1
"Сама ж написала, що було похєр",1
"Коли збираєшся лиш потрахатись, головне не влізти у відносини.",1
"а ти - частина тієї сили, що вічно ходить на хуй",1
"Вегетаріанцям треба скрізь говорити що вони вегетаріанці, геям - що вони геї, лінуксоїдам - що вони лінуксоїди.",1
"Їм дають забагато свободи, і з них виростає мерзота без найменшого уявлення про повагу до інших.",1
"Як ви вже здогадалися, я йобнув джину.",1
"Просто хочу взяти йобаний молоток і хуярити все в будинку під вигуки, що підсумовують, як усе дістало.",1
"блядь, стільки страждань зарази якогось там диплома.",1
"Якщо мене читає водій жьіпа Кіа передаю :**  Турбоопуск – неприємно, правда?",1
"Боже, та потрахайтесь вже  А не ото все",1
"Ще в мене біля будинку в парку освітлення побив, сука.",1
та вони там в сосну в'їбались,1
Скрізь тупі підараси Скрізь тупі підараси Скрізь тупі підараси Скрізь тупі підараси,1
"А хто той лох, у котрого при +30 захворіло горло?",1
"Сідаю до чувака з блабла в машину і тут *ТАКОВ ЗАКОН САНСАРИ СВІНАВАРОТ СВІНЄЙ* Вєсєло доїдем, чую)))))",1
"Так блядь, у тебе тоже шось в інсті є?",1
"Найкращим днем для мене стане день, коли мама нарешті розлучиться зі своїм долбайобом.",1
"Раз було, мій друг-міліціонер пропонував мені возити в сраці бурштинові вироби в Європу.",1
Спиздив трошки у  але як то кажуть не користі заради.,1
"Бля, це ж треба було додуматись дати таке завдання ТЕХНІЧНОМУ перекладачеві?",1
"та бляха, я тепер щодня так приходитиму пізно.",1
ви шо там єбанулись зовсім? чого так довго?,1
Андрійко надаю зараз по сраці!!!,1
"бля, твіттер, що за хєрня з оновленням?  якого тепер панель зі сповіщеннями, дм і тд знизу?  архг, бісить то як.",1
"Доводжу колишньому йобарю, що в нього не маленький член.",1
"новий тренд: обмазуватись гівном з протрампівської New York Times і вити у твіторі, що Петя ґвалтує патрівотів.",1
"Таке насичене життя, напишу про мужика, котрий мене їбав!",1
"- Я став сісястою бабою, щоб проникнути в оточення Путіна.",1
"Та нє, твоє хуйня, в мене вже імунітєт",1
"Давайте, розкажіть нам що це просте співпадіння, оце хуєта з Мошонкою.",1
Мене доганяв охоронець скайфеміліпарку і перевіряв чи в мене пластиковий стакан чи я спиздив скляний.,1
і звичайно ж запостять ті хто сьогодні хуєсосить Міхо)).,1
"Проспала 10 годин, але відіспати за 2 минулі доби так і не вдалось, проїбала курси",1
"Завтра в універ, бо починається навчання, от блядь",1
"Стільки ненависті вже скопилось всередині, що хочеться взяти ніж і вирізати то нахуй з себе.",1
"Особливо ця їбуча психотравма від того, що від сусідки ним весь час пахло.",1
"Написавши сторінку курсової, елегантно посилаю її в пізду і збираюсь їхати на море.",1
Тра просто вміти _тугою_ струєю сцяти просто в очі людям.,1
"Та то таке, бо буде на всьо похуй Хавати не тре, на роботу ходити не тре, кайф",1
"бля, я ж лише почала . . .",1
"Олександр Петрович, я не вивчила класичну німецьку філософію, бо обговорювала фотку цицьок",1
"Сука, як я ше не йобнулась",1
"Бус новий взяв, коптильні/хуїльні/обладнання, розширятись почав.",1
дожч. а в мене просрана парасоля. тому ношу куртку),1
"а мні пофіг, нєфіг бикувати на Терн:3",1
"Мінус світло І слєза потєкла, бо надворі +30, а кондішн каже ідінахуй світланемає",1
"Ну морда у нього задоволена, тож напевно не відпиляв",1
"Лікарі от спецом призначають ліки, які будуть лиш в одній зі ста сраних аптек.",1
"Мій екс-терапевт все такий же пиздатий, впізнаю",1
"Які компроміси, що за хуйню ви несете?",1
"я колись теж розхуярила палець, поки відкривала пиво",1
"бляха, чого я так не зробила",1
Насправді мене заїбало ніхуя не робити.,1
"Рібят, хто перший йобне мені добрячого ляща, отримає 300грн Удачі",1
"я був у гуморі і чемно цілий день поводився, а всі думали у чому падстава. хуйовий у мене імідж.",1
"Ахуєть, оце збс виграла, вітаю!",1
Не втомлююсь дивуватися багатогранності вміння розмовляти не випускаючи з рота хуя & жуючи гівно одночасно.,1
"Сірожа рубльова блядь, у найгіршому сенсі того слова. накидування по команді, погоджені, підтверджень слів – нема.",1
Чумак і Гриценко - два рибака.  максимальні мразі.,1
"Єбать, я то тут причому  Ви нє ахуєлі часом?",1
"Такі нерви цілий день, головне немає причини блять.",1
"Заблокувала людину, хай в сраку пиздує зі своїм гастритом",1
Якшо можна назвати гарним похмуре їбало і пісні Сема Сміта на задньому фоні.,1
"Як доїхали, я ще здалеку зрозумів що зливайте воду, п#здєць всім сподіванням.",1
"-пропоную зранку подивитись богіню шопінга. - хуйопінга, спи, друга година ночі.",1
"Хвилинка тернопільських відверть: ""якщо ти не робиш весілля, то ти або бідна, або хвойда, або бідна хвойда"" #традиції",1
"Йоба, це ж центр, ваше обличчя.",1
"Бля, купили собі пічєнькі в дорогу і забули вдома, ну бляяяяяяя...",1
"сук, я знайшла в Лв охуєнну вакансію, але за віком не підходжу",1
"Не треба тягнути в стрічку когось, хто генерує 80% їбанутого шлаку, а решта - репости",1
Я якась певно дуже херова подруга,1
"одночасно кілька друзів встряли в різні державні органи головне запитання з переписки ""там у вас така ж хуйня?""",1
"Краще говорити тільки правду, щоб від тебе всі від`їбалися.",1
"У Франківську проходять такі івенти на дохуя тисяч, дуже круто",1
" шоб бухати разом, творити якусь хуйню, просто говорити.",1
"Країна, яка може мати все, а має тільки егоїстичну наволоч, якій все до сраки окрім власних інтересів.",1
"Нахуя їбашити те, що гробити, якщо є давно інші препарати з більшою силою і меншою шкодою???",1
"Та я їх дофігіща бачила, але не люблю сам жанр - миле, добре, казкове.",1
"Передаю привіт таким же лохам, як я, які вже не сплять",1
"Ну людоньки, якщо в вас нема канікул, то чий це пройоб? ;)",1
Щоб я тебе ще в живу дойобував,1
"Баби, як будете жопу фотошопити більшу, дивіться щоб стіни не гнулись",1
"Блять, лишила машину посеред смуги та попіздувала кудись. ?????",1
Но всі знають який я уєбан,1
"Я вмію цінувати те, що для меня роблять інші, але це, виявляється, нікому нахуй не треба.",1
Але раніше вона могла сама прямо спитати «що за хуйню ти робиш?»,1
"Аааа, тут ішлося про школу, бля Сорян, не вдуплила зразу",1
І я також вільний роздавати блять лайна вам всім.,1
"Блядь, ну от воно мені треба, а?",1
всім і на веселий похуй,1
"Срати навчіться штани знімаючи і сраку підтирати бамагою, а не пальцем, а там побалакаємо за парламентську республіку.",1
"Не знаю чому, але в мене чітка асоціація голова громадської організації=хуїсос. помиляюсь?",1
"  «лена—жопа із полєетілєна» — це настільки тонке мистецтво, що мені не дано осилити",1
"Здається, всю мою енергію забирає совість, яка гризе мене за всяку хуйню вдень і вночі",1
У мене піздєц в голові часом.,1
якась сука знову за зиму зменшила мої літні джинси,1
"Dance with the dead охуїнний сінтвейв, пацани.",1
"Плануєш, плануєш, плануєш, а потім ХУЯК...і всьо пішло по пизді",1
"Мене вистачило на 10хвилин і з словами: ""ну нахєр"" я пішла перевдягати кофту, щоб йти без ліфчика",1
Да Нахуй ти ото робиш?,1
"Для аутистів-зрадойобів, які зараз піднімуть на знамена і понесуть ""Івропа зливає Вкраїну""",1
"Щастячко, прийди до мене, я вже всіх заєбала своїм ниттям",1
"я не люблю цю кричалку, але все ж: путін хуйло, ла-ла-ла-ла-ла-ленд",1
"Зайоби інших, -- шоб жизнь малінай не казалась!",1
"Украіну нєнавідіт лютой ненавістью, сіндром с'єбавшегося пєрєсєлєнца рєалізовать можно,",1
І нахуй я сюда прийшов?..,1
"Бляяя,а ти ж ахуєнно малюєш",1
"Я не знаю що відбувається в НБА, але судячи по твітам  там якийсь піздєц.",1
Утрималась від покупки дуже шлюшної сукні.,1
" тепер я не дрочу, тепер я юзаю))",1
"Люди, які приходять в театр в спортивному чи домашньому одязі - ви реально ДИБІЛИ?",1
35 хвилин чекати на швидку.блять.,1
"Піздєц притягує піздєц, істину кажу.",1
бляяя лол чо саме на моє дн?,1
в будь-якому випадку її жопа - більш вигідний ракурс ніж груди.,1
"мда, слухати музику в одне вухо - це як срати у півдірки",1
"Це вже не лінь, це охуєвшість.",1
"Все рівно всі на навчанні/роботі, тому поділюся одкровенням про те, як сильно хочу виїбати одного хлопа.",1
"Це невизначене почуття, коли всіх любиш, але заодно фігачиш ножем....",1
"ахаха бля лол, я так літачок набила на руці :D",1
"От нервуєшся, нервуєшся, нервуєшся, а потім оп і похуй с:",1
Що за хуєту знімає український кінематограф?,1
"Моя шкільна бро одного разу така ""бля єбать, мені треба поменше матюкатись, нахуй, а то чот задохуя""",1
А ці виїбончікі про словники тут взагалі ні в пизду ні в красну армію.,1
тепер до 13-го щодня поститиму якусь пдр-івську хрінь.  прастітє.,1
"От так дивишся фінал КК, чекаєш екшину, боротьби, купу голів, але хуй там плавав.",1
В мене зараз якийсь технічний пздц.,1
"Якщо тиждень, то, на жаль, хз( У мене всратий графік, я можу днями на роботі бути.",1
"Я ні на що не натякаю, але якби ти був латишем, твоє прізвище було б Уйобіньш.",1
Швидше б вже звалити з цієї їбанутої держави...,1
"Замарстинівській ввів мене в легеньке охуївання. не думав, що у Львові досі є настільки! хуйові дороги",1
"Після рибака якась хуйня, а не чесність",1
"Патусілі, розслабілісь, а тепер назад в латинку і поєбашкі з дз.",1
 до сраки мені подобається,1
"Вийобуйся як востаннє, підтримуй баланс, не дай планеті занепасти.",1
"надкушену блять, до моїх круасанів, я аж закричала вголос ""не кладіть туди надкушену чіабату, там же мої круасани""",1
Висновок - нахуй всіх і вся,1
Шкода вас (нет) Всім йдіть на хуй за мій рахунок!,1
" а в ІФ не їдеш, сучечка",1
Вони давно стали адвокатами русні і тримають не митого руснявого х#я в роті.,1
"Я, звісно, люблю цілуватися, але дивитися, як цілуються інші - то ж піздєц, рібят.",1
А луччє б хуйову Іф ю ноу,1
Мама подарували майки «Путін хуйло» та «Я люблю Україну».,1
"  і буде ""я таня. я - серіальний задрот. я закохуюся в психопатів і вбивць.""",1
"нє, ну це просто піздєц. мало було Зака Ефрона туди брати, так ви взагалі там всі здуріли.",1
від того що ти лох просто,1
"Нє, це вже ніхуя не смішно, походу коліну ріл пізда  Ах ти ж малолєтня кончена мразіна",1
Деякі люди не виживуть якщо не обісруть або не зачеплять чимось..,1
"Якщо це не той ромчик, шо можна випити, то йдіть на хуй.",1
"Захоплююся людиною, яка раз послала мене нахуй і більше не пише, не дзвонить, просто ігнорує.",1
"Українці розкажуть, що ти кусок гівна.",1
Ото курва вже взагалі весь мозок пропив курви син,1
">> Типу, краще шубу норкову купити,чи ще якусь хрєнь.",1
Ахуєнні такі палати у Феофанії у відомічій лікарні.,1
"Якби мої думки були людьми, я б їх відпиздила.",1
"Сукааа, арррруууу І знову в нас в групі 13 дівчат і 6 хлопців Це карма, блядь",1
"обоже, шестисмайліє! рєволюция! та це ж КАЖДИЙ тепер мусить про це окремий, сука, статус зробити!",1
Купа хештегів - головний показник долбоєбізму.,1
"Не хочу тебе засмучувати, но ти просто тупа пизда))0))0)",1
"Самі суки, і в руках собачки (с)",1
"От саме під час такої твоєї поведінки, мені ну ніхуя не хочеться тебе знати!",1
Кісєльов накормив глядачів лайном і посцяв їм у вічі.,1
"Мені тре героя,який буде спасати від мудаків,які вішають мені лапшу на вушка.",1
"89. так і не почавшись, бо хтось обов'язково сяде дупою в мурашник, або станеться ще якась непередбачувана хуйня",1
"Зашкварений підор, що власноруч поховав себе нахуй одной смєщьной кортінкой.",1
"Часом, буває, трохи ревнуєш до людини, а потім глядь, а та людина ""дерьмИцо"", отак через ""и"" пише.",1
"Ох бля в останню секунду перед відпочинком шукать закритий купальнік,  шоб батя не спалив татухі, це жиза",1
Шоб ти міг ще більше твіттер засрати?,1
"  х#йню пише автор, котрий доречі рідкісний мудак, що тикає маніпуляціями інших, в той час як сам підміняє поняття.",1
І не в одному вкантактіку є усіляка хуйня.,1
"Я так за цим скучив, бля.",1
"нє, це 5 раз:) і я і так повний Дімасік-мудак,, мені можна, хуль",1
Пише тіп - увижу закопаю.,1
"І залишитись сам на сам з руснею, бо хуй хто впрягся б у ПРЯМЕ і ВІДКРИТЕ протистояння",1
"Щоб зрозуміти, що голова району залупа, достатньо зайти на сайт",1
Фрідріх Шіллер - Ода (обласна державна адміністрація) к Радості #яДурко,1
"Один раз напишу твіт за снулу 3,14зду.",1
"ахаха, бляяя))аж настрій догори ) хлопці танцюють на кожній станції київського метрополітену #Київ ",1
А потім щось подумала і вирішила що треба просто частіше свою жопку в зал тягати і не жерти гамно))),1
нарешті толком розвіртуалились з ахуєнною  ^^,1
"Та коли ж це, сука, закінчиться?",1
"Яке ж полегшення настає, коли нарешті посилаєш впізду когось, хто весь цей час був тягарем і лиш псував настрій.",1
"Якшо тобі виходити на наступній, то й проліз собі заздалегідь, а не прися як мудак в останній момент",1
Понамішують всякого гівна і називають це стиль еклектика,1
"Але їй він цим мізки не їбав, лише собі.",1
"Мене вже заїбало те кончене слово ""вінішко"".",1
"то всьо через то, шо ти небритий хіпаблуд!",1
"І так ніякого стимулу вчити ту мову, а ти ще, курва, повністю бажання відбиваєш.",1
Нада забить на все хуя і писати прозу.,1
Для розминки спершу наїбали жидів,1
"Люблю, коли ти говориш людині, що він уйобок, а він сміється, думаючи, що ти жартуєш.",1
"то вже аудіофіл-педант, окремий різновид, дуже близький до аудіофіл-задрот",1
"Тільки в трешовій ситуації словниковий запас моєї маман поповнюється фразами: жесть, то піздєц і в рот я тебе мала підар)0)0(",1
Чого ви так дивно говорите всі вираз Не щьолкати єбалом,1
"Шоб ви знали Коник це дуже характерне бойківське прізвище, а Мітчелл-Сракоїд це взагалі за гранню добра і зла",1
Ну нахєра ми всі чекали йбтвм,1
"антон: спочатку грьобаний віндовсфон, тепер грьобаний андроїд. коли вже буде нокіа на ios?",1
"І тут по ТБ звучить ""УВАГА, ГРОМАДЯНИ..""   в мене душа в пятки  ""ПРОВОДИТЬСЯ ПЕРЕВІРКА ТЕХНІЧНИХ ЗАСОБІВ""  курвааааа",1
"Ніщо так не бадьорить, як облитися блять окропом.",1
"Провідні друковані видання світу мають писати про мої стегна, а не хуйню якусь про вбивства та вибори.",1
"Може, тепер, бл*ть, ми нарешті підемо в наступ?!",1
"Шева умніца,  Льоріс сука харош.",1
Останню радість в зубожілих хуєсосів забрали :(,1
Адже ваші запоребрикові браття по розуму пиздіти не можуть.,1
"Шикарна історія про те, як російські гівнарі знімають фейкові сюжети.",1
"О, бля, в мене день також прив'язався до нитки з голкою",1
"Якщо відповідь не така, ""гарантувальник"" іде нахуй.",1
Чому баби думають щоб виглядати сексуально це одягатись як шльондра?,1
"Люди, які рахують дні до дн, ви йобнуті чи так?",1
"Нахуя так довго судять Манафорта, якихось свідків допитують.",1
Як важко бути перфекціоністом в колективі де панує лінь і похуїзм,1
"Коли санепідемолог сказав ""піздєц"" через сміх після побаченого, щось мені взагалі не весело))",1
і велосипедистів блять якого чорта було сюдою їхати ізвініті,1
Вчасно не пошлеш когось нахуй — страждатимеш і кусатимеш лікті ще довго.,1
"2. Мене не дивує фішка з КУ, хоч у нас проблема не з КУ,а з її дотриманням.Знайдуться ідіоти.",1
"як я втомилась від цеї всієї, вибачте, хуйні",1
" ой, а хто тут лох?",1
"Господи блять, це не ввесь об'єм, а те, скільки я залити хотіла.",1
І все на світі хуйня.,1
"Хоча яка нахуй різниця, що я думаю.",1
"Ким завгодно, блять, аби не людиною.",1
"Жінко, просто пизди себе щоразу, як проскакують думки типу ""Чого він так багато її лайкає?!"".",1
"Які ж ви убогі, це просто пиздець",1
Настрій послати всіх нахуй і виключити вай фай.,1
"Я хоч зараз визнаю, що ти підар",1
"ніхуя не вловлюєте сенс твіту, але ретвітите. вбийтесь, плііііз",1
це взагалі пздц я б сказала #безудержноевеселье,1
"То знак, шо тобі пора було прочитати правила, як не бути гандоном",1
"вспоминая вчорашнє. будете бачити лесю мудрак, скажіть їй шось нехороше. від усієї рівнЕнщини. шкода баб пиздити не можна.",1
Там з половиною на одному полі срати сісти – зашквар.,1
"Уся хуйня завжди починається з моменту, коли ти комусь повірив.",1
":с   мені похуй, що ви спите, я говорити хочу.",1
Коли замість роботи хуяриш в травмпункт.,1
"Сама знаєш, я тебе теж цим заїбала, але якраз навпаки",1
"Видалити автозавантаження якогось гівна - 666 вкладених прихованих папок, доступ через анус пса в повний місяць",1
"Людям довелося освоїти космос, щоб з'їбати туди, де немає ідіотів і павуків.",1
"А тут розказують, що їм треба в попу дути, ахуєть.",1
засранец с  на фоне,1
Зараз у мене просто перманентно горить жопа як я бачу 13го і отето все.,1
"Хуяшн, слушай мой английский, сука.",1
"Говорять, що хочуть любові, а коли ти їм її даєш, оруть нахуя ти до них з нею лізеш.",1
"  Не дивно, що в політиці виживають лише монстри типу міністра Цушка,  або «педерасти» типу позафракційного депутата Ляшка",1
"Нейтральний твітор НАБУ, що увесь день цитував депутата, палка промова котрого була про ""спєцконфіскація ето пльоко"" годують гівном  Джерело",1
Мої одногрупники вже тиждень не можуть узбагоїтись через обложку з хуями.,1
"Ану, мовознавці - як назвати одним словом віддалені кутки батьківщини, якщо не можна використовувати слова ""єбєня"" і ""жопа міра""?)",1
"Коротко для довбойобів, що чекають зміни одних рузьких (поганих) на других рузьких (харощих)",1
"Рубрика "" очєвідноє - невероятноє"" - Дарка Черпак пишет посты с хуем во рту",1
"сьогодні до нас вночі не прийшов  , яких ще підйобок від тебе чекати, Всесвіте?",1
"Це Кузьма, який безперервно крутиться в труні від того, що на Волині йому поставили той уйобіщний пам'ятник.",1
"Знаєте, то нічого що мої фото не публікують у інших аккаунтах *нєткурванахуйблятьбольнаочінь*",1
"у гостях. подивилась відео з весілля. рєбятка це пиздець...ще більше усвідомлюю, що в мене такого не буде :))",1
"Крім блядоватих ТП, там є і чудові фото подорожей, природи, всяких цікавих заходів...",1
"Стів Джобз помер, люди потребують нового мудака-візіонера в якості ікони успіху.",1
хахаха я єбав знову таке малювати,1
"*Загорівся ідеєю* *Не знайшов підтримки* *Пішов ридати в куточку, бо ніхуя не вийшло з тим*",1
Ви колись підете нахуй чи ні?,1
"Якого фіга люди з якими я не підтримую контакт лайкають отут оце,а ви тт ліниві дупи ні??",1
"У нас є е-декларування&зрада, нахуй ВВП!",1
"Мені вже так дохуя років, а я й далі хочу на день народження тільки плейр.",1
"Всмислі, блядь, коли є шось у лєнті, то я все лайкаю, не треба оце",1
"Я сподіваюсь, цей лендлорд не здасть свій будинок ніколи, бо так діла блядь не робляться.",1
"От спілкуєшся з людиною, а потім вона віддаляється, як сука, і все, нема в тебе тої людини.",1
В сучки інстаграм де одні селфі з моїм мужиком...,1
"колись все було похуй. зараз також все похуй, але якось вже не так",1
"Нерви спочатку капєц класно цікаво, а потім: ""ааа, блеадь, шо це за срака, як то запам'ятати?""",1
Настя хуйні не скаже Ну може іноді Але не зараз,1
"Певно шукаю роботу далі, бо піздєц якийсь.",1
"Треба, блядь, духовно рости, інкше пиздець  ",1
"шшшшшш тейк іт ізі, якшо продовжить підійди і вєби",1
"Я так бачу, говорити нам нема про що, тож давай мовчки трахатися.",1
"Завтра право, а я ніхуя не знаю",1
Кличте Хічкока: ніхуйово скабку дістала.,1
"Вже майже 12 годин б'ю цвяхи і тягну полотно, думаю, що мені полагається значок Nevpynno, той, шо закликає їбашити",1
"бляха, і ти а том же) а шо то є?) друга половина дня?))",1
І ти хоть в хуй свисни ©Алежка Зупиніть хтось мій ор,1
"Ця дівка в метро з немитою головою,незрозуміло в що одягнена,яка сидить і дивиться на мене як на гімно,мене жахливо дратує.",1
Господи йоб твою мать можна в мене перестане боліти голова і мене перестануть дойобувати незнайомі і малознайомі люди будь ласка??,1
Стіни вже так гнуться що пздц,1
Хазаз та да то поєбота якась,1
Як можна проїбати все одним махом,1
"меловін блять на коні  на коні чувак ти шо - гоніш? киця, не шути так #Eurovision #Євробачення2018",1
"Коли на тарілочці нас подадуть Кремлю, що вже плямкає ласо,  То буде запізно, повстань і убий!	0.99
Переживати і стресувати почала вже зараз, шоб був привід ходити по хаті і кричати «блять, заїбали».	0.99
Дірочку на жопці у равлика, коли подув вітер.	0.99
В брата є намет, але він сука не дає його	0.99
нічєсна, це коли в мене сьогодні 3 мудойобські пари, а в когось (тонко намєкає) нема шо робити )	0.99
Після сьогоднішнього стало ясно, що тіко цієї хуїти мені і не вистачало.	0.99
І оці люди десь поруч & там просто засрано наглухо все в голові.	0.99
Я схильний все таки списувати на власну везучість)) але може колись і напишу 99 їбанутих історій про зазбручанських	0.99
Ходжу в зал вже роки чотири, ніколи такої сраки не мав ((	0.99
Мене звати Хелена, але мої друзі кличуть мене сьогодні в сраці	0.99
мені можна разочок в'їбати, якщо я почну нести якусь хуйню	0.99
Бля, Фон Трієр каченяті ніжку не відрізає, але наші досі думають, що чим більше насильства, тим кручє.	0.99
бляяяя. ну я ж повиключала все в дроідволі...чьо ж формспрінг працює і кантакт і жере гроші? гривня на рахунку....	0.99
оце на один день пропади і вже юн пиздять. будь ласка, от вам і україна	0.99
Я буду горіти в пеклі, але це ахуєнно	0.99
Чувак, закохуватись в мене було дуже хуйовою ідеєю	0.99
Коли другий місяць обкладаєш роботу хуями, а вона досі тебе годує.	0.99
Я схоже також  Хоча Гармадона піздєц як шкода, тому крім останніх	0.99
...куди не гляну оком стомленим - кругом хуйня"" ©Подерв'янський",1
та пиздец просто йду поплачу чи що,1
"Без грибів можна прожити"", - МНС. то пздц)))",1
"Блять, шо за хуйня відбувається в стрічці?",1
"нє, ну повийобуваться я то можу)",1
"По-перше, шо ти вже зробила?, а по-друге, хєрасє він у тебе довго пролежав і не проєбався",1
" та ну тебя, бля))",1
"Чи то він хотів показаться перед своєю молодою куріцою, тепер я розумію чому не люблю німців",1
То нахєра той популізм на камеру?,1
"Їбать, ви всі такі класні прям, що дайте відро, я виблюю.",1
"Червень, чувак прийшов на роботу в курточці, під курткою балахон і, блять, шарфик, щоб не замерзнути",1
"Якби диявол існував, він би заново створив чудовий секс з хуйовою людиною та мучив би ним до скону.",1
"Хотів зробити як краще, а виявилося це нахуй нікому не треба.",1
"Начальник, бл*дь, зовсім роботою завалив, бл*дь!",1
"Хоча б для того, аби побачити яку ще хуйню підкине життя",1
"Здається, проплачений чоколядною хунтою бот знову насрав повз лотка.",1
Ну я гівняного і не роблю,1
З цим піздоблядським універом все ясно.,1
"бля, через цей матеріал до ефіру на 112 не підготувався(( прийдеться імпровіз",1
З самого ранку повна хата блядских людей і дітей!,1
"О збс Коли за мене роблять, мою роботу))",1
Краще я б мудаків перестала любити.,1
"Бля,я знов не купила ті грьобані шкарпетки(( навіть нагадування не допомагає(",1
"В цьому вся я   Прікіньте, старшина за 3 хв спілкування сказав, що я їбанута  Ор",1
"Не ісключєно, може нарешті Таноса отпиздячить",1
"А тепер трохи про долбоєбізм країни, в якій я живу.",1
" дєлу врємя, дрочке час. #шо",1
" просто блятьлол я такий розчарований був коли вони на Файному майже нічого народного не виконали, народ аж горів-чекав",1
"Чумний район,з багатими людьми,циганами і купою зачуханих киян.Так вона схарактеризувала Татарку.",1
"тусовка чісто прогулятись в піжамі за морозивом, випросити пляшку шампанського, проїхатись жопою на горці привіт, я вдома:)",1
Ну для мене люба френдзона це хуйове місце,1
"Руки повідбивати тим, хто в маски для волосся бльостки насипає.я вся бля.стаю",1
Ну а до кого мені ше доєбацця)0)0) Лєни нема)0)0),1
Краще б йобаний ранок і не наставав.,1
Сфоткався з самим хуйовим блогером,1
"в мене в той день іспит, ну бля(",1
"Так ну добре, тепер коли ти нам вже похвалився — вимикай твітер к хуям гг",1
*дивлюсь відео про порваний носок* - ніхєра собі дирка *з відоса* - как у тваєй бившей Занавєс.,1
До усрачки боюся розмовляти з незнайомими людьми по телефону,1
"от наче й треба їхати в лікарню, бо серце пиздець болить щодня, але ну його нахуй.",1
"Коротше, знайшла зараз листок ""Елена, 18 евро 1 час + номер"" і ахуєла.",1
"оце порівняння, так прямо мене ще гавном не називали",1
"Я не хороша, не правильна і не зручна жінка, і саме тому, а не всупереч цьому, я ахуєнна.",1
Задохуя твітиш просто Ти б розгрібала трабли так як твітиш луччє,1
"Пиши твіти так, ніби в твоєму житті не відбувається нічого, крім дрочки.",1
"Вата розганяє істерику, буцімто нові пластикові паспорти будуть видаватися всім окрім мешканців Дон/Луг областей.",1
В середині вечора москаль видав: Слава Україні.,1
"якби це побачила моя подруга, яка займається танцями 10 років, вона б їбанула з ноги. з накачаної розтягнутої ноги))0)0",1
"Нормально не спілкуюсь із людьми тому, що половину із них вважаю дувбойобами, а інша половина дувбойобом вважає мене.",1
"Іноді задумуєшся про жмж, а потім згадуєш, шо ти дохуя ревнива сука.",1
"Хуйло сказав,що причиною трагедії в #Кемерово стали ""халатность и разгильдяйство"", виновних накаже,порядок наведе.Гарний поствиборний піар,не зря вибрали.",1
"Ніхто того не їбе, просто традиція така у людей.",1
та вже хулі. і я тоді собі напишу)),1
"Як давав в сраку, так і дає.",1
"Щас би модуль в дуже йобнутої викладачки проспати, ммм",1
"я не клюнула, я охуїла :D",1
Угу  Більш ніж вдвічі більшиц хуй  Мої вітання,1
"Стилістично нагадує юзера долбокрила, але не він, бо в нього вже давно є твітер",1
"Ну бльо, вже б норм картінку вибрав Хоть б без ліфону",1
"У мене сусіди трошки попиздились, кстаті)0",1
Але я досі все ручною пилкою піздячила.,1
"Поки ви двіжуєте ще, я вже проснувся, Івано-Франківськ зустрів привітно точніше похуїстично",1
обов'язково хуйню якусь у нєдомастєра за півас,1
"Хочеться підійти до водія маршрутки та ніжно прошепотіти на вушко ""Дядь, ну можна мені вже додому, блять?"".",1
"Рубрика ""Всім похуй на ті всраті діалоги"":  Шо там по абщітєльнасті?",1
бля при таких розкладах я б також їхав з напівздаманими ногами,1
"В Лугандоні ностальгія за совком, а в мене за зимовим раннім майданом.",1
Сидимо з Андрієм і класифікуємо мудаків.,1
"Як би пафосно і тупорило цей підпис не виглядав, але це до піздєцов больно",1
Гнати його звідти сраним віником!,1
Більшості і так поїбать на те чи пишеш ти чи ні,1
"Все заблокували, пиздунці, чи тіко половину?",1
"І це, блять, перед кінцем семестру...",1
Може то одна я така йобнута,1
"Ей,я чекаю,що ти почнеш викладати фото звичайних перехожих,адже фото випадкових людей в тебе ахуєнні,я чекаю змінення стандартів!!!",1
"Я дуже люблю дощ, але ж блять не 29 грудня.",1
Боже Лєна тільки не Бродський і так їбано,1
"От у мене саме актуальна пісня грає: ""Давай, Гєш, давай єбош!""",1
Обробляю фотки з Білорусі і дивуюся яка це криворука каліка то фоткала.,1
"Ґи =D Негра не бачила, зате бабця у футболці ""Я принцеса і не їбе"" - було діло =))",1
"Та ти задовбала, цілийдень жреш і не товстієш.",1
"На стіні в курортному містечку Мантре виявила красномовні слова хуй і піздєц, написані в різних кутках однаковим шрифтом.",1
"Але, сука, ти чудово підтримав, я перестала сильно нервувати через літературні невдачі.",1
"Я проїбала вчора хорошу пропозицію, от так не помічу і проїбу все життя",1
Олх/обойний – хуй хто хоче за меньш братися.,1
"Лягав спати нормальною людиною, прокинувся їбланом якимсь.",1
"Бляха, так класно коли щось сниться, а то я заєбався ніхєра не пам'ятати.",1
"Мене заінтригувало, як саме ниють колишні шлюхи",1
"а вони офіційно не публікували, тіпа секрет великий, придурки.",1
"Блядь, котра за гроші в мільйон раз чесніша.",1
"та я просто люблю себе накручувати. дпа - то хуйня.  он, заспокоїлась вже.",1
"Кажуть що мало, бо нема що обсирати Все логічне просте",1
"Так, що я собі вирішив Мені треба наповнити життя всякими справами, щоб у мене не було часу страждати хуйньою",1
от хай би вже і моя звалила заміж і перестала мене зайобувати :\,1
"А ТИ ПРОСТО ТРЯПКА, ЯКА НЕ МОЖЕ ВПОРАТИСЯ З ДРІБНИЦЯМИ.",1
"Можу розказати Апострафу, від якого тхне свинопсятиною, як посрав мій кіт.",1
Посилати всіх і все нахуй - найліпші ліки для зміцення нервів.,1
"Свободівці в Корсуні, на пропозицію двіжували проти встановлення пам'ятника Героям Майдану в єбєнях, підписують, що вони не маріонетки",1
"- Судячи з того, що ти зустрічаєшся  із патроном, то ти - обойма - Блядь",1
"- в нас такі атнашенія шо ми встрічаємся коли ти хочеш, коли тобі блять нада!  хештег попідвікнами",1
Zara - це рай для ніщєбродів!,1
"це пздц навіть для Амстера))) дякую, фото будуть ;)",1
Ухожу з роботи в стилі ета вєчєрінка отстой я блять нєнавіжу етіх людєй,1
така блятт моя доля чи що,1
Ахахаха хуйова дата Бо я сі зачався,1
"Вже півгодини чекаю таксиста, це мурло не дзвонить!",1
"Все життя хейчу мотиваційну хуйню, а тут сама собі таку свиню підкинула.",1
"Творять люди хуйню, а ти потім сиди розгрібай і стягуй що до чого",1
"Йоб вашу мать,  не заходила в тві 4 години і вже не розумію, що відбувається.",1
Подруга підштовхує мене потрахатися з чуваком.,1
"Ой все, дивися по обох сторонах дороги коли на пішоході сучка.",1
"Бігме, то роблят москалі, А хлоп дурний – і ніц не кажи.",1
"віка, блять, перетелефонуй додому, будь ласка, бо зараз мама приїде в гості. атвічаю.",1
"Та ніхуя, ви хоч враховуйте, шо я ліниве дно.",1
"А я он не п'ю кави, буду тепер бігати за всіма, хто п'є каву і дойобуватись, хулі.",1
Перший раз за всю історію Хуйло зреагувало на подібне день в день.,1
Чули як хуйло пояснював що таке девальвація?,1
"ненавиджу своє життя, не життя а повний провал блять",1
"- Мене звуть Олег, і я піздабол.",1
Я тут у тебе полежу сумненька серед красивих їбал,1
"бля, як жити без кешу який сенс",1
"Люді, ви хуй на блюдє.",1
"А які ж все-таки тупі ті баби, які мають йобаря і не цінують того, шо він їх трахає.",1
ОХУЇВ ВІН ЧИ ШО ТОЙ ІНВЕСТОР?,1
"Нє, інше: - ну ти йобнута.",1
"враховуючи ось ці підйоби за те, що мені 14, мені здається, ітс ебаут мі",1
" бляха, мене тоді ше не буде там(((",1
"Томос-це звісно охуєньчик, він тобі зігріє грішну душу!",1
На Хрещатику роздають візитки курв О_О  подзвонив) классіка + орал - 700 грн/год =),1
"Не баба, а міс ""Дайте мені щось розхуярити"".",1
" треба б самій про ту людину менше думати, але хуй там.",1
#йобанапартіярегіонів RT : Україну офіційно занесли до держав третього світу.,1
Перепробувала уже штук 15 імовірних паролів до одного сайту та все одно ніхуя не можу вгадати.,1
"Дойобую людей і дивуюсь, чого я йду нахуй",1
"Я їбав, сука, це програмірованіє — Саша та відважні умовиводи.",1
"Тебе шо, давно блискавки не підорасили?",1
"Окєй, щоб вилікувати алергію, мушу пити відвар льону, воот, він стоїть перед мно і запах, м'яко кажучи піздєц.",1
Оцінював як швидко тебе можна спіздіть,1
Від цього їбаного лікеру встають соски.,1
міністри мудаки міністр юстиції це просто жах,1
"У мене батареї не працюють, холодно блять.",1
якщо завтра ця штука не пройде я зроблю суіцид,1
"Хто там голосувати за снулу 3,14зду зібрався – вас пиздитимуть ваші власні діти, батьки і родичі.",1
"Як їм пояснити, що чим більше забороняєш, тим більше хочеться творити хуйню?",1
"Мочи его блядь! все,що я чую з трансляції :) люди просто обожнюють Царьова)",1
"Що не роблю, що не пишу, як хуями не обкладаю – ну ніяк в бан не заїду",1
"- Ну если хотите получать зарплату, то да, гагага. блять",1
"за те, що в тебе хуйові шуткі",1
RT : Ідіот Табачник вилучив з шкільного підручника роман про Голодомор,1
"За блокадними ста грамами хлєба ще стояти блядь, після сьомги та норвезького оселедця :(",1
"курва)) фанат, та))) вся стіна обклеєна постерами)))))) ахахах)))",1
"Понапридумують всякої фігні, а люди потім страдають",1
Бляяятььь ото я сука даун Я мав тебе привітати в 10:25 Єбать,1
Лежати з незадоволеним їблом - моє улюблене заняття о 3й ночі.,1
Не підеш у мед - я тобі пізди дам та інші заохочувальні слова від мами.,1
"Яка ти зла Я маю овердохуя аргументів, але якщо в тебе розриватиме сраку, то я можу й не писати",1
"Та шо за хуй мені ті смски з 777 шле?покажись,я всьо поясню.3 дні по одній",1
Бо їбанутим легко знаходити їбанутих,1
"Гарлем Шейк на майдані, ну це якийсь піздєєєц, ВИМКНІТЬ!",1
"Так відреагувала на вихід Джаствна, шо Вованада сказав: тобі скільки років, блять?!",1
Рано чи пізно і так на навчання доведеться забити великий хуй цього року ),1
" нє, блочити не варіант, людина ж хороша, але пише хуйню.",1
"Якщо коротко, то сука то пезда.",1
"- Тато, а давай купимо шалав.",1
Не бути мудаком не виходить.,1
"Так агресивно строчила твіт, що в'їбалась в машину.",1
"#FreePanov #FreeKremlinHostages #LetMyPeopleGo    Шановні кандидати, розкажіть, будь ласка, як нам повертати наших хлопців із мордорського полону?",1
Та я блять наче ніколи в житті так не сміявся.,1
А є взагалі способи заспокоїтися без бухла блять?,1
"ну, і, звісно,  за унікальне поєднання ума, розпіздяйства і доткозалежності)))",1
Як же мене задовбали сусідські діти — з ранку і до ночі голосно кричать на вулиці.,1
"Я вже хотів ругати Сашу за sweet dreams, але КОЗАКИ хуярять як треба #UsykBellew",1
скажи хуй! суспільству споживання і йди читати Маркса,1
"- я не люблю людей, я люблю звірят. тому я кицька, а ти йди нахуй.",1
"Опа....от і перший посланий кацапчик в Грузії, курва які ж вони є кончєні.",1
якщо я поїду з України нетраханою - пристрельте мене.,1
"гомофоб, антифашик, з скаліченою психікою, - все це відвибається на словоформах, які він вибльовує",1
"Ахахах, та бля, так то я нормально говорю Я не знаю, шо на мене тоді найшло",1
та без ДІми впринципі хуйово)),1
"А тим часом, поки Транп бушує, а я озабочєн – русня кораблями возить Кіму все що треба.",1
"блятт в мене є, але я не шарю чи він дозволений для смертних",1
"Або вийобуйся як професіонал, або не вийобуйся взагалі.",1
Я хуй знає нащо міняти перший хл на другий хл?,1
"Виявляється, я така сучка, коли злюсь.",1
Робота з ризиком для життя нахуй.,1
"І як,фотки вже є,да? страхопахудіна напевно",1
Чим більше їбанутих тим краще,1
бляблябляблябля я готова його ВИПАТРОШИТИ!!!,1
А зараз прибігає Гандальф на білому коні і Беркуту піздєц.,1
"нє, ну а шо, там такі погрози лунали, шо аж пиздець:DD",1
"А скільки сьогодні згадувань за Гандзюк у твіторах тих уйобків, що сходили на гівно звинувачуючи владу?",1
"Не встиг вийти з дому, як вже побачив якусь ватніцу з йобаною табличкою на палочці.",1
"ну, не все ж підарів слухати))",1
"Нехай вона конем їбеться, все буде ОК",1
"Хвилин 20 стримувала сльози, а потім, блять, наче дамбу прорвало.",1
"Без жодних заперечень – відразу видно, Міщя любить нарот.",1
"люди, бля, ви де? лів у зданії. давайте реплайте шось, хулі спите.",1
зараз би всяку хуйню твітити і лайки збирати.,1
"Как быстро и эффективно кинути Конституцію України в редакції 1996 року тобі в єбло, муділа.",1
В якій же я пізді  То просто тріндєц  Срана сесія,1
ахахах і після того все пішло по пизді,1
"Він несе хуйню, наспівує пісні та шепоче якісь пошлості.",1
"А те, що діти з попереднього разу ростимуть без батьківської уваги, але з почуттям власної непотрібності, їх не їбе.",1
"Тіко вони ніхуя не робитимуть, бо ліниві",1
Спонсор мого ранку - запухше їбло.,1
"Знайшла в рюкзаку поміж іншої хуйні пакетик гірчиці, що іще раз доводить мою незамінність у мандрівці з вами.",1
Кароче путь к успєху там - бути підарасом і в прямому і переносному розумінні.,1
"Карпати - пздц( Після матчу гравці боялась підійти до фанів, але серйозної розмови з ними так і не оминули.",1
"А ви далі кричіть про врага нє в крємлі, уйобки.",1
Кіля Азірів кукурікає милі серцю усих вище зазначених істот тези.,1
"хтось претендує на звання ""майстер підйобів"" ;)",1
"Який іще піздєц зрівняється з тим відчуття, коли випадково відкрив повідомлення, котре хотів ігнорити до останнього.",1
Їбися це все в рот блять.,1
"- Коти завжди приземляються на лапи - Я, блядь, похожий на кота?",1
Кароч це харакірі по–свинособачому ггг,1
"Зацитую-но я: мудак він і є мудак, як його не перейменовуй.",1
"Мені щось схоже на «і на хуй сісти, і рибку з‘їсти».",1
"Мо побалакаємо за те, як орендарі ту землю їбошать у нас?",1
"це йобана фантасмагорія, яка точно закінчиться улюбленим та рідним для свинособак ядерним попілом. скрізь хуйня.",1
Згадайте що за великим рахунком ви просто варвари з закривавленими обличчями на полюванні,1
"Шабунья маладєц, а ти як був лохом так ним і залишився г",1
"Ми ж наче з тобою вчора не сиділи, але в туман з цими криками я уйобувала",1
"Ніщєброди обісцяні, ех Вова Вова, до чого раісю довів",1
текаен гандонсько переспівали п'ятницеву стрілу. а я йду вантажити сольник вайта і най робота зачека.,1
"Бабушка, залізна дисципліна і режим ""їбашневпинно""))",1
"Не їби мені мозги, я тя прошу.",1
"Викладачка трохи йобнулась ""Shutter island""",1
"Хочу обіссяти їбало тим, хто розповсюдив слово ""міленіали"".",1
"ага, мені виставило час скачування - півтора дні, ну нахуй",1
"Таке враження, що вєсті почали друкувати в грандіозних маштабах...лише на м.Лісова сьогодні 3 точки роздачі, курва",1
"От ви кажете, шо не можете слухати якісь пісні, бо вони про хуйових людей нагадують.",1
залупили медіаселфач з Грішиним з лівої руки) #,1
"Мама поклала око на мій телефон, пообіцяв підігнати його у новому чохлі завтра, а сьогодні...подряпав, блядь, екран.",1
Як кажуть в одному селі Йобаний насрав,1
Може ну в сраку ту історію США?,1
"Блять, досить з мене сидру.",1
"Хоча, весь час чую: я ж зроблю боляче, я ж задушу.",1
"Ето зрадойоби & свідки Міщи хтять замість ""злочинної влади""?",1
"В Педосах справжня димократія,тому срати в нас-це лигально.",1
"Ох ці крайнощі між ""Затрахати б декого до смерті"" і ""Мєрзка пошлятина, пора замолити гріхи"".",1
"Хоча ок, то мій просто суіциднік, трупом віддавав.",1
"Завжди таке враження, шо мене йобнуть, як тікі я підійду",1
" писати про те, шо хочу когось трахнути",1
"Про піздєц з дедлайнами по інших роботах я мовчу, там жопа жопєйша",1
"– Ні, мам, за таку ціну – то натуральна мразь.",1
"Рзаєва, ну от я йобнуте, а ти чого не спиш о 6 ранку?",1
" а інтер, бляха, має ще й найбільше покриття.",1
"А я вже думала, що вони геть йобнулися.",1
У вас перевищення рівня мудацтва в крові.,1
"Щоб всі вчасно могли зробити аборт, сука.",1
"охєрєлі? руцкій мір прішол, какіє бібліотєкі? оні што, за Украіну? бєндєровци?",1
"Господи, як же я всираю свій колишній рівень англійської. це навіть не рівень, а срань.",1
"Бармени подобаються всім, це як шлюхи, тільки бармени (с)",1
от тільки мужикі там похотливі кобелі з волохатим чорненьким пузіком :D,1
"Спасибі, пріятна Но думаю здійснится тільки про на хуй",1
"Але знаходиш себе тільки у твітах типу ""Йди на хуй"".",1
Може він просто трахався з закритими очима...,1
На хєра солі собі насипеш (с) Ляшко,1
Вчора ні разу не матюкнувся в твітах Ну це...якби...піздєц,1
"Наплодили блять 4х в однушці, і потім терпи цих слонів.",1
(Потому шо він ненаучний мудило й психоаналіз ненаучна фігня),1
Ой чую будуть розйобані пиздаки;),1
" сука, так нечесно, це мій прекол",1
Хоча насправді більшість з них куски гавна,1
"та нє бл, ти Бенджамін Баттон!",1
засмоктала мисль що йобанврот якщо я вже відмовилась від благополучної жизні заради цього говна,1
"А додаткові бали будуть старості, яка єблує вдома.",1
"закрий пиздак, тут Карпа заміж вийшла в городі Парижі третій раз",1
шось мене так ніхуйово криє кожен раз перед новим роком.,1
"Як же заїбало нервуватися через універ, хочу скоріше нервуватися через наступну роботу.",1
"Орієнтація в Брюсселі: виходжу з вокзалу з нервовим смішком і пиздую в будь-який бік, сподіваючись, що він правильний.",1
"Арсєн, серйозно? сємкі єсть? – а єслі найду? міністр внутрішніх справ краіни. пздєц.",1
" блять, у тебе 4 номери чи шо?",1
"Інколи стидно за те, що я такий хуйовий.",1
"Перепрошую, ви хотіли сказати ""Їбать як піздєцово""?",1
"Навіть якщо на вулиці -10, то на 5 поверсі +25 і хуй ти одягнешся по погоді:з",1
У мене температура і хуйовий настрій.,1
"що воно їсть? неонациське? вялені білочі хери може, що так його пригрібає.  насправді транслює руськую реальність",1
в 400–600 тисяч. але ж ремонтували _по-браццкі_ бляді.,1
"Ну бляяя, не пам'ятаю, коли це писала",1
"Хочеш спілкуватися з людиною все життя, а хуй там пєл: за рік-два неминучий кінець.",1
"Такий йобнутий вечір, шо ви собі навіть не уявляєте :D",1
"«Спати блять» — чарівне закляття, котре змушує оточуючих зрозуміти, що ліпше вас не рухати.",1
"З печери в Кам'янець нас віз російськомовний таксіла, який кричав ""йоб%&#₴аний украінскій народ он ні саздал нікакой культури""",1
Ще йобані 54 дні і щастя.,1
Якого хєра знову тебе немає в оповіщеннях?,1
++параша 24 цілодобово на зомбоящиках.,1
"піздєц, якби не ти, і не подумала б, шо вони японці",1
оооо ото тоді хочеться найбільше вєбати,1
"Йоханий ""Футбол 1"" що за хуйня з трансляцією!?",1
"А хоча, маю білий маркер, тому похуй",1
"От тобі й фанати серіальні: тільки трохи попизділи з ним, а нас уже в НЦ якесь сунули :D",1
"Бля єбать, те відчуття, коли на паралелі тільки А, Б, В, а тут  Ыыыыыыыыыы",1
"Йдіть вчитись на антропологію, бути антропологом весело, щиро ваш, #хуйовий_антрополог",1
"я теж писала, що вони ахуєнні, говорячи про simulation theory",1
"Як ви, блять, спокійно розгинаєтеся після того, як нагнулися зав'язати шнурки, не вірю, що так взагалі буває.",1
"Степан Андрійович, ми не проїбемо!",1
"Таке-го=ти тупий, сказав хуйню,заслаб на голову...",1
"Не знаю шо це за хуйня, але розбивати серця я люблю, да)))",1
"дівчинка, що доглядає за своїм тілом і так ахуєнно виглядає, не може не вдатись красою!",1
це кому там треба піздюлів вламати?,1
"Країна вмивається кров'ю, але занепокоєння викликає тіко розбитий їбальнічок борця з карупцією.",1
"бляяя, чого ніхто не прідупрідив, шо на вулиці такий дубак?((((99",1
"Все, що робить автор - смачно пердить з незворушним виразом обличчя",1
"Є знайома, котра зустрічає фразою ""Привет, хохлуха"".",1
Похуй І так світ вимре швидше,1
"А в цьому районі шлюхи і кокаїн, якшо треба"" (с)",1
"вірю, що можливо, але дуже респектую людей, які жили на цьому пиздеці пів життя і змогли в нормальну комунікацію",1
"Боженька карає за самозадоволення, бо і сам хоче трахатись.",1
"Мені брюнетку, анчоуси, мінет, анал, і подвійний сир.",1
"вибач, але це вже ніхуя не круто, ти в лікаря дано була?",1
"Заєбало то сусі-пусі, киця, зайка пташка.",1
Пісня про сесію:ззз На відміну від–Ну його на хуй :з,1
"Ібо вікно, а на наступну лекцію похєр.",1
"Хоч блядувати то йди блядуй, від мене що треба",1
"66 фалоімітаторів вам в рота, та 88 шипастих ділдаків вам у сраку, автори законопроекту та члени комітету.",1
І досі його звідти не випиздилм.,1
Чому мені не можна пиздити християн?,1
"Мама каже, що це надто по-хохляцьки для неї, зроблю і буду їсти сама",1
"Якби було кладовище лайтнінгів, то воно б займало стільки ж місця, скільки жопа твоєї бившої",1
"Зустрілась із колишнім викладачем, розповіла про нову роботу, а він кинувся жартувати про єблю з далекобійниками.",1
джаз - це коли хорошій людині не похуй,1
Сюрреалістичний дегенератизм оточуючих перестав дивувати.,1
"Я просила Детач, а не цього підара",1
"ніхуйово так) Чую,вєсєло буде Зупиняюсь на стадії, коли якраз на експерименти тяне.",1
Рішення прийнято - до сраки Голлівуд!,1
"Передай йому, що він підор ахуєвший.",1
"Мені типу з похуй-ким спати, бо хочеться?",1
"блін, ахуєнно, головне в то не на тверезу голову грати, бо всі стісніються",1
"Цікаво, я приберу-таки в хаті завтра чи чекатиму, доки розкинуті речі й пилюка виселять мене звідси к хуям",1
Астрологи оголосили тиждень хуйової аналітики в царині Russian studies,1
"Оці урочистості сьогодні, очевидно висрані з голови аутистів.",1
та то пиздець якийсь Жовтень місяць!!,1
Коли тре обсирати Європу після Євробачення :D,1
"Дуже хочу дізнатися, хто ці 119 людей в моєму 13-му окрузі, що проголосували за Опозиційний Блок... і візпиздити їх",1
"Нормальні пацани на блядєй, кокс і казино витрачають!",1
"Я не можу ходити так, щоб ні в кого не в`їбатися.",1
"Бляха, коли в мене буде дитина, то я хо заробляти так, шоб мати можливість віддати її в нашу фр.школу.",1
"А як же на приспіві ЗАКРИЧАТИ НА ВЕСЬ ГОЛОС, ЩОБ ТЕБЕ ПОЧУЛИ НА МАРСІ? бальние ублюдкі",1
*у відповідь чути стривожене дзеленчання пляшок у сраках фанатів Пашиняна,1
Но на Сихів я манав пиздувати,1
"Бельгійське пиво охуєнне (ви вже чули це від мене, але буде не зайвим повторити)",1
"Просто мию і кондиціонер хуярю, але його треба змивати прохолодною водою",1
- Секрет простий: я ніхуя не встигаю,1
"Ех, навколо стільки блядей, стільки блядей...",1
"Четверта міська поліклініка - пекло серед білого світу, місце скупчення ідіотизму і невихованості",1
Вот іменно І де хуйовий то 12 А ахуєнний то 1,1
"Заєбісь, блядь Сама пишеш і я щей надоїв",1
" пиздуй спати, поітм будеш знов казати шо мало спав на вихідних, підріла!",1
"Там у фб Станко каже, що не казала, що сєпари теж люди.",1
"Так ось, коли  люди говорять про дешеву стоматологію в Україні - пиздять, пиздять шо дишуть.",1
"Підахуєла, задумавшись, що альбом DT ""Fiction"" вийшов 9 років тому.",1
"Царевич Олексiй iхав мiстом в каретi й побачив слово ""хуй"" на стiнi, запитав>>",1
Блябля з ластовинням на руках отета я русифікувалася,1
"блять, я коли сьогодні Діабло побачив вкінці думав кончусь",1
Та то vba  Макроси вся хуйня,1
"Фу,чому ж постійно трапляються такі мудаки,аж бісить,нащо взагалі до мене лізти!?",1
"Їбеться з захід.мінєт і ""чесно та без маніпуляцій"" подає інформацію.",1
Ну ми з Циганковою хуйні не скажемо,1
" є думка, що вас натурально пиздити почнуть.",1
А нас їм було насрати з високої гори.,1
"а чого закрили?оо бля шкода, що не хможу попасти",1
"Навіть русняві констатують, що Порошенко там був.",1
"Люди стрімлять таку поєбень, я в шоці.",1
Відсутність інтернету як мотивація підняти жопу.,1
"пф, та навіть і так, що б було. рівно ніхуя",1
"Якщо людина не хоче вам щось розповідати, то, блять, просто від'їбіться від неї.",1
"нє, піду чмом запухшим ну мені нрав мій образ, далі похер не те що готова, але хочеться вже далі йти",1
"Ви кста ахуєнні совєтчики, буду в Чернігові буду питати пораду і тупо в ріал таймі робити.",1
"Хел, і так спина болить, то щей крепотура на ній Ну повний набір бл",1
"І вони зроблять це, чорт забирай!",1
"Вирішила сьогодні весь день глибоко вдихати та рахувати до 10, перш ніж обкласти когось хуями.",1
Бесіт коли пропадає інтернет кожну сука хвилину.,1
БЛЯЯЯЯ бельгійські коментатори бляяя  Порівнюють Джамалу з індичкою,1
" ясін хуй, і старого Гедж ше заріже скальпелем Луїса",1
"Блять, може тому, що підліткам зараз цікавіше читати Персі Джексона, ніж Ніваабразімиє пригоди маленької хмаринки?)))0))0",1
"Нині б поїбатись, пляшку ромчика та подалі від міста - і гори воно все синім полум'ям.",1
То ти маєш твітів на 4 роки про єблю виписати.,1
"Блят, бухать з дядьой - це пезда Я всьо",1
А ми свинособак з фестивалів випиздити не можемо гг,1
А школярі і так ніхуя історії не знають(,1
"Голандська мова нагадує мою німецьку, коли я підбухнула та терміново захотіла доїбатися до якогось німця.",1
"Коли вас з людиною надто багато пов'язує, і вона пише хуїту, але ти лайкаєш просто з ввічливості.",1
"Українцям може бути похєр, але в реальності це дуже погані новини.",1
"Те відчуття коли хочеш лайкнути і коментнути збереженку, але курва не хочеш палитися!",1
" та я вже зрозуміла сука, а в четвер то назад летіти...",1
-хто там так чіхає?  -єбало завали блть!,1
"ой блять, шо б це ще написати щоб подратувати",1
"(якого хуя в центрі величезного міста він працює паршиво завжди, не питатиму)  Пасіба-будь ласка.",1
"Клас,пропонують чудову роботу,готові мене брати з руками і ногами,але ж,бля,в Тернополі або Чернівцях :(",1
"61.навіть якщо парафіянин трахається винятково погано, тобто лежить колодою, а на горизонті маячить женячка, парафіянка обере женячку",1
"До чого мудило тупориле, БЛАГОДІЙНІСТЬ до ПОБОРІВ медичного персоналу?",1
"Сімси, хулі ви грузитесь вже 20 хвилин?",1
Крус закрив проект і заїбашив шаурму,1
"5тий поверх львівської квартири, пацани готові слати нахуй російський газ і палити дровами",1
Пити з задротом - то коли він блять кожні 5 хв питає про пароль від віфі,1
"Хай би придумали оригінальнішу відмазку, а то просто сцють в очі.",1
"сука, найприкріше, шо всі питання, крім одного, тупо через неуважність завалила.",1
"Я без них жити не можу, тому і себе часто сама підйобую)",1
"Мабуть тому що в лікарні у тебе дохєра вільного часу  Тому я вирішила, лежачи в лікарні, не вести репортаж.",1
одне повідомлення - а ти вже хочеш прибити людину нахуй.,1
"йобнутися зі сходів, обпекти руку, вдаритися скронею об двері - і все за один день.",1
"Сука, тре почати фоловити більше старих і немічних, щоб читати про інфаркти та кредити, а не універи ваші йобані.",1
"Ситуацію владнали небайдужі, але блядь, коли ви курви наїстеся?",1
"Я роз'їбала собі коліно, навіть не встаючи з-за робочого столу.",1
"Всі дрочать на Львів і на Вакарчука, який між іншим також на 98% львівський",1
"Прокинься, ти жорстко обісрався і їси власне гівно.",1
Стан епічного піздеца країну не покидає.,1
"Бльо, дайте мені суперсилу від цього тільки худнути :с",1
"Господи, хай гряне грім з небес і вб'є мене нахуй, бо я не знаю як це терпіти.",1
"А якщо мені спати 3 години, яке там нахуй love?",1
"шерлок холмс,чайок,хард кор - бєзсонниє ночі - люблю вас очінь,блять",1
І питаю: що це бл_дь за ху_ня така?!,1
В тві не посилаю на хуй,1
"Іди вийобуйся на вікно до когось, хто рано встає.",1
"Пиздоболу ""прозоро"" натякають:  – ця з/п виглядає як повна хуйня! є що сказати?",1
-Ігор Валерійович-Ігор Валерійович -Блять позатикайте їбальніки я Днепр дивлюсь,1
Ніколи не знаєш де та як піздане.,1
Тут блять і так кожен день такий хеллоуін,1
"всім похуй на блейка, вердикт =)",1
"Росія хоче відправити своїх спостерігачів на президентські вибори в Україну, а могла б нахуй",1
Там само де і на хуй,1
"Бож, нахуя я це все ретвічу",1
Сука ну що за народ такий.,1
"А ні, згадав  весь час кричав, що на гроші, що витратили на кораблик , краще було би взяти шлюх.",1
"сучка, ти знаєш, що мусиш зара зробити! ;)",1
"Ви б бляді визначились тотальне зубожіння & пів вареника, чи переїдання.",1
А в середньому – тупориле блядство.,1
Коли в Педосах ззявицця міжнародний аиропорт в чесьть якого видатного педосянина його обізвати?,1
бальной ублюдак ходи в ліжко під коцик,1
"Колись мені відкрили таємницю: ""ти шо йобнута і не знаєш, як чай в мікрохвильову на хвилину ставити?!""",1
"Дрочку на відео я розумію, але не дрочку на відео з плямканням",1
"О 3-й годині ночі прийшло усвідомлення того, яке ж я їбанько.",1
"та який нахуй срач, блін, ви взагалі відрізняєте срачі він тролінгу/стьобів, чи нє?",1
передай мячику шо я вже знаю хто йому доклав про гандонів в особі димної суміші,1
"Я ще норм не прокинулася, а мене вже посилають куди подалі, бля.",1
"Настрій написати ""хуй"" і більш ніколи не з'являтися онлайн.",1
Як же ж курва заєбато.,1
"Їби не собі мозги, їби йому.",1
"бляха альфред найахуєнніший мужик в готемі, чесне слово",1
"Та забирайте хоч кудись, бля!",1
"уже чула ахуїтєльні історії про те, які всі хєрові з тими маршами, бо метро перекрили",1
" наприклад: Ерік, ти ванільна пизда.",1
"Усі так моляться на баб, які ковтають,ніби це нев'їбенна рідкість.",1
Ти мене випередив - теж хтіла запропонувати хештег для привітань хєранта.,1
Ще таким лох я себе ніколи не почувала,1
Другий тост за любов без мудаків.,1
"Бож, ну чого я тупа пізда, шо ведеться на запахи",1
"Де контрольне ""йди на хуй""?",1
"Вирішив платити податки, + один аргумент щоб закривати їбальніки різним піздаболам",1
"- Горілки з «Садочком» йобни, кажу!",1
"ну то єбать скажи це, а не пиши в твіттор",1
"бля, провтикав, в мене проза давно лежить, чекає лпч((",1
Я (намагаючись її вразити): то йди на хуй.,1
"Дуже очікуване їбало, але я думала, що там ще гірше",1
І я: -голю підпахви -не ненавиджу чоловіків -обожнюю макіяжності  А які у вас є дурні стереотипи про феміністок?),1
"Чому зранку я п'ю подвійну дозу і все одно відчуваю себе, як гівно?",1
"ну так дуже добре тобі, хулє",1
Безкінечно можна дивитися на 3 речі Як тече вода Як горить вогонь І як  йде нахуй,1
Зубамі графіт вьіносіл бл буду.,1
"Я не втомлююсь писати, що русня це істоти, котрі розуміють тільки грубу силу і жорстокість.",1
"А ще, врятував вчора жінку з дитиною від якогось п'яного муділи:)",1
Все це тому що ти йобнута))),1
"Як сказати мамі, шо в мене пірсинг, і не получити пізди ґуґл пошук.",1
"Небо, йобни мене якимсь небесним тілом, благаю.",1
"шо написати в біо, щоб люди розуміли, що я кончана мразь, і навіть не намагались зі мною спілкуватися, гуглпошук.",1
Про цицьки приємніше думати ніж про палку ковбаси.. ),1
2 рази пішла нахуй ц Вайло,1
"а можна було б, шоб не бачити цьой хуйні яка називаєцця жизнь",1
Яким же йобнутим сммщиком треба бути щоб Бондаренко поставити на рекламне оголошення,1
"Нє, я сам по обі єбанутінький",1
". починайте з антикорупційної церкви блядь, антикорупційних ломбардів та залів антикорупційних гральних автоматів.",1
"От бля, нема спокою моїй зарплаті",1
Що там вже грозний російський таз доплив вже до кораблів США?,1
"Харашо що ти не шлюха, і вічно я тут",1
"Бачу сосок і волохаті пахви мущіни, шо спить навпроти.",1
"Ну не рахуючи шлюх, з ними завжди легко  А от з розумними і хоч трохи адекватними, то тяжко",1
"Мабуть, спакую речі і поїду працювати, інакше я йобнуся.",1
В нас єбать який треш на бамі.,1
"У мене були ароматизовані різнокольорові стиральні гумки, але я не я, якщо шось не проїбу...",1
Зробила вправи та похєрачіла ноги скрабіком,1
"Я хоч і несу хуйню, зате з розумним лицем.",1
"-Чувак, ти хочеш запитати, чи вона гівно?)",1
"Бляха, ми з подругою стільки разів на дієту сідали, що аж котлетами вдавились, коли почали підраховувати.",1
"Но тобі можна рот закрити, хуєм наприклад Йому ге вийде",1
"вони просто хочуть бачити, як змінюється впродовж дня їх їбало",1
"Вам шо, срака ніколи не свербіла?",1
"бля, тільки що був покупець зі слідом мотузки на шиї, курити він блять кидає",1
Я не люблю ПС. Вважаю що крім ядра з Тризубу і ПУ це просто гопники і маргінали.,1
" хуйло, що тут говорити  Забєй",1
"сука, ну його нахуй такі  гульки",1
Тре і собі таке купити А то як лох різав стругачкою,1
Всмислє обрізав кучєряшки Покажи мені хто це зробив блеат,1
"Ви скажете вийобується, а я скажу що терпіти цей запах не можу",1
Давайте делать паузы в словах і хоч інколи думати що за хуйню говоримо,1
"Пост про розпіздяйство даі, міліції та швидкої на першому місці.",1
"Блять, мене зара жінка шось запиталася, а я несподівано заговорила англійською.",1
Хуяк & патограп іде нахуй в бан.,1
"Ви такий витончений, я єбу просто.",1
"Ти чьо, ти чьо блядб?",1
"Вапше скоро перейменую цей твіттер на ""душевні і тілесні страданія"", блеадь.",1
Мене ця шльондра цілком влаштовує та інші робочі моменти дому Зануд.,1
"Дуже люблю заклад ""Чайхона номер 1"" за кальян, десерти і лимонади, але мені, сука, муляє, що взагалі-то пишеться ""чайхАна""",1
"Мрію, щоб єдиною твариною, занесеною до Червоної книги в розділі ""Вимерлі"", стала їбуча людина.",1
Щось мене не попускає ця блядська застуда,1
"Моя дупа близько 120 см, де я худа?",1
"До речі, нагадую, що продовжую бойкот Цитруса, Алло та інших жадібних гандонів, які пхали закон про 22 євро.",1
ти в першу чергу мав звідси пиздувати,1
Чому я блять знов на сихові посеред ночі?,1
Вона змішалась з багном і гівном і типер блищить на дорогах.,1
"Треба ж таке, інколи життя не така вже й хуйня.",1
"не пісня. моя бабця каже шо після Іллі не можна купатись, бо верба в сраці виросте)",1
Але щоб наші так пропускали – ето жопіща.,1
"єбать, оце чувак Бєспєчного ангела співає...",1
Я сука тепер ненавиджу Болгар!!1!,1
"здається, за речення ""київ новий берлін"" у медіях давно час пиздити ломакою",1
"Ну треба ж таке, так неочікувано, охуїти, щоб у мене та й щось не так.",1
Блять Який кордон Ору Похуй Я го,1
"Всьо, парішав питання з одним пройобаним екзаменом Можна жити",1
А не вийобувався б у соцсцєточках.,1
Ну і не тре мені твій хуй,1
"А якщо видалити вайбер, мені перестануть надсилати запрошення в гості таким їбанутим чином?)",1
"Підходить, як до сраки карі очі))",1
"Гра престолів все таки, блять радує неймовірними поворотами, воооу",1
"Мій кіт йобаний екстримальщик: пішов спати в двір, де його ледь вівчарка не зжерла, бо там город поораний.",1
я б спустив їх на бухло і блядєй,1
Стаття про Франка в російськомовній вікіпедії схожа на відро гімна.,1
"Так само як журналісти не мають відношення до ""українських"" рубльових блядєй, активісти до грантових блядєй і так далі.",1
"так як я ретвітю, я заїбусь:)",1
"Вау, оце ми щойно піздюлєй схопили :/",1
"Дзвонити краще і твоє їбало, сучечка, воно ширше",1
"Ти, блять, Гаврило Принцип, узбагой свої таланти",1
"Якби трошки попалила себе, але шось болі ніхуя не відчуваю",1
ну тоді апрідільонно зійду і пізнаю їх кривожопільську мєнтальність:-D,1
"Ой, а це прямий рейс ""Нахуй"", відправлення прямо зараз.",1
"Англія, ви так трохи гімнюки -____-",1
"Саакашвілі заявив, що не претендує на державні посади Саакашвілі готовий очолити уряд  Саакашвілі іде нахуй.",1
"Руснява мразота в прапорі країни, котру співвітчизники топлять у крові і рвуть на шматки.",1
"В кінці гарно б звучило ""тому йдіть на хуй""",1
"Ці смугасті паскудниці не ті створіння, з якими хочеться вступати в близький контакт",1
Хочу просто читати книжки і щоб всі від мене від'їбались.,1
з нетерпінням очікую цього моменту зайобування.,1
Шеремета це взагалі пздц. адський пздц.,1
Чого я не люблю в твіттері: - п'яних ванільних ізліваній; - просто ванільної хєрні;,1
"Він став уже таким рідним, що домовилися, що завтра він захуярить з ним селфі.",1
ще одним нежонатим хуліганом стало менше знімемо шапки на пошану молодецькому розпіздяйству хоча жінка в нього крепка),1
"Всьо блять, це кінець, так і знай!",1
"яке генерують журнаглісти. тотальна, чорна і безпросвітна зрада. гівноїди.",1
"здається, принаймні одне питання до кожного шкільного підручника тут знято - де саме буде домальовано перший хуй",1
"Боже, здається, треба було брати номер того київського водія убера, котрий так рвався зі мною пиздіти.",1
Не такий ж хуйовий як здається,1
"Тут дуже красиво, схожий на наш Крим.» кто-то пиздит, по-моему.",1
"Я: там ще екологія, англійська та література Мозок: спати піздуй Я: ну треба дописати М: спааааааати!",1
"Та в жопу аудиторію, але хочу дослідити бажання цих мудаків",1
"бля, хотіла б я мати прізвище Підмогильна...",1
"Добре, що інша хуйня не ввижається.",1
"Курва, як ж сильно зараз хочеться просто довбанутись головою об стінку і не думати ніачьом",1
"Прочитала стрічку, дійшла висновку, шо ви долбайоби.",1
Посралася з незнайомими прєподшами я така мєрзка мені подобається,1
"Я вчу мати ісландською, щоб не було так палівно хуярити матом на вчителів",1
там така жопа в деяких фотках що блять пздц,1
"Тоді він вів себе як мудак, або з тобою, або з нею, або з обома.",1
"Я не екстравагантний, я їбанутий на всю голову",1
"- я поперевертала всі книги, які не мої...  і їх дохріна - і це ще крім твоїх!",1
А як мені відписати то хуй Гдє тут чієс,1
"Бо потенційні йобарі в Укр, а я в Латвії.",1
"і вони, і спортсмени їбучі, і вєчнохудєючі, і книжкові задроти",1
"Блять, баби не затикаються навіть в туалеті.",1
"(моя дитяча позиція) Ну то якого фіга він є презіком,хай вже віддає США Великій Британії ...мова ж то англійська...",1
От вічно ніштяки всяким підарам дістаються...,1
"радий за вас, а я вважаю. не роблять нічого з того, що дійсно необхідно. брехуни, популісти і гівноїди.",1
"На моє ввічливе: пане, йобаний рот, якого хуя?!",1
І за одну ніч ти прєвращаєш все заєбісь в єбану хуйню,1
"Вїбіть, бо тра спати йти.",1
"Тре вчити польську мову, а то що я як лох?",1
"Я більше не можу, господипоможисуказаїбало.",1
"Так Іпполіт теж пиздець, але чуть менше (хоча може це того, що у нього менше ефірного часу)",1
Спробує лиш когось відшити (ну мудаки не рахуються) приб'ю;),1
Так хуйовий в моєму регіоні лайф,1
"Блядєй, що покривали їх тут влаштувавши скандал навколо Миротворця, теж було б не погано перевірити.",1
"Організм йобаний, а можна так само сильно, як ти хочеш мівіни, хотіти жити?",1
В Чернігові батьки проти директора школи-сепаратистки....правильно - нахуй таких вчителів і директорів!,1
"піде і такий гейзер гівна дасть, що до кінця життя не відмитися. тому простіше ситуацію замовчати, перерозвернути? можливо",1
"Хохломрази скачущие, не люди, а хохлы, майданут..!!",1
"Я теж мав сподівання, щодо Саакашвілі – але це ж пиздець.",1
"Залишилося зрозуміти, чому мені так страшно посилати нахуй людей, які справді отруюють мені життя.",1
"бля, я думала, блендер від німецького «бленден» засліплювати.",1
В Тернополі бляха велогонки Українського кубку на найнерах;с,1
"Крижаний дощ, сніг, ожеледиця, важка сумка, охуєнний стан та не вміння нормально ходити - ай лайк іт, чорт забирай!",1
"Дивись, паскудо, для тебе це, курво.",1
"оці підйобчики))  Насправді дуже болить, сука",1
"Ну типу бля, не хотів вчитись і норм",1
Ти суко мені знову не став.,1
"Бля, таке відчуття, що це тебе мій колишній йобарь зафоловив.",1
"цей сучара має бабу, але я контра спем сперо ахххза",1
зате в новинах українських гівно ЗМІ накшталт Украінської (П)равди– гривня очолила девальваційний парад.,1
коня хтіли в тебе спиздити...,1
"Миша всьо хуйня, давай па новай",1
"Хто б іще вам сказав, які ви мразі.",1
"я теж вчора питала .....мені сказали на мацкальскій мові то ""унылое говно"" =)))))",1
Мене забанив Ромчик - гівноїд :<  Моє життя більше не буде йти як йшло :<,1
"Щось мені зовсім фігово стає, здохнути охота",1
Тіп тіпічний ммм-щик і сраколиз мєсного разліва.,1
"із моєю другою премією за збірку ""міліція карми"" майже одночасно в ""шо"" опинився уривок книги антиповича ""карма-консалтинг"". що за блядство?",1
"це нахуй компліментіще :D  На жаль, поки ні",1
За шо мені такий їбанутий колектив?,1
так ти мені зробиш канапочку чи я пішов у сраку?,1
"Ходити голим охуєнно, не придумуйте ото мені.",1
"Щоразу, відчуваючи наближення піздєца у своє життя, повертаюся до читання скандинавів.",1
"Я звичайно не надто музику у вк слухав,  але бляха, як я тепер без класних аудіо  ?",1
"Отак приходить хтось кричить і думає, що зіпсував тобі настій, а тобі похуй.",1
одного разу блогер не знімав кожні півроку МОЄ НАЙВІДВЕРТІШЕ ВІДЕО і в нього відвалилась срака,1
Надто багато цього мудака зараз в інформполі.,1
"сука, ноутбук сів. ну і шо тепер робити.",1
"Ватні пердаки згорять заживо через 3, 2, 1...",1
"Що не день, то якийсь пиздець.",1
"Камради висловлюють пропозицію до повстанців спалити к хуям кіоски ""Кулиничі"" в околицях #євромайдан’у.",1
"Налажала вона, а винен я К хєрам цю логіку",1
"Я з цих маминих філоло хуїю, як дияволиця в раю.",1
А хохли живуть на Україні та заважають жидам та москалям розбудовувати незалежну українську державу.,1
Ну мені і йди на хуй норм,1
"Скільки сну тобі треба, тіло йобане?",1
Тому що в кожного підора жопа брудна.,1
"Як і очікувалось, почався пиздець",1
От ви всі пишете про любов і страдашки і мені важко лишатися цинічним беземоційним мудаком,1
ти на Контракті — пиздуй в Ботанку!,1
якесь довбоблядство (  він же навпаки проти волдеморта,1
І тут хуй віджартувавався би про любов до вареників.,1
"Коли не хочеш повертатися додому після кожної нової поїздки, значить, твоє життя абсолютно точно хуйове.",1
Була тєма послати Каляна на хуй :*,1
"пам'ять це зараз не дуже важливо, зараз важливіше любов *шошо **шошо блять",1
"Тю, нічо нового Краще б нахуй послав всіх",1
"У мене такий піздєц, шо піздєц.",1
"Сиш, сич, з'єбався з кімнати, ти хто по масті, фраєр",1
"ну та бо заняті, Сашка піздєц душевний бро:)",1
Що може бути краще ніж робити хуйові скріни в призмі.,1
сама йди в сраку ти закинула його на 20 хвилині!!!!!!,1
"Шо за хуйня? — сказав я, уважно підбираючи слова.",1
"нє, ну це взагалі вселенський пздц))",1
"Ахуєнні в нас мультики були, а кажуть, що сучасні погані.",1
"А решта репу таке гавно, шо хочеться проблюватись",1
"ненавиджу ту сучу хімію, разом з не менше сучою математикою. блять. ломають мені життя. згінь ізчадіє ада!",1
" молоко норм, але вино, вибачайте, теж вам не хуй собачий",1
"в мене фарма, електронка, якість дуже хєрова( Ні не вчив)",1
"Карочі, виходила з магазину, перечепилась через камінь і хєрась падати.",1
"Не уявляю, як ми дивилися ""Деревню дураков"" і не йобнулися.",1
"Господі, телефон, ну перестань вже виправляти ""хуєць"" на ""заєць"" і змирися.",1
то не така вже і хуйова свіданка,1
в жопу мотивацію чи інші розумні слова. просто береш і робиш. збираєш себе по шматочкам. витягуєш із дна.,1
"бля їбать, я травнева дитина якраз",1
"За свій вчинок соромно, але на людину вже похуй",1
"А зла Юнона, суча дочка - спонсор ржачу 9-класників на уроках укр.літ. сінс 1798.",1
"йобу, то шоб ти дотку не грав",1
після того як насрав Трампу?)))) Хіба що мити посуд у мексиканців,1
"та нє блять шуткую. коли на тобі місця живого вранці нема, отут вже не смішно",1
завелась би і поїхала по тій тупій пізді.,1
Спіймати вай-фай в їбєнях - ето празднік.,1
"Я вважаю,таких тре примусово навчати,а якщо не піддаються навчанню,гнати сраним віником,замінюючи молодими фахівцями",1
"Драстє, ти б мене бачила, укутана шо піздєц",1
ну от шо це за хєрня?,1
3. спитати що це хуй?,1
"#VovaNata дивляться холостяка і реально фігєю з тої тупої курки, яку зараз показують.",1
"Оце бидло, по схемі всі-на-одного + не дати відкрити рот + ображатись на те, що самі мають за сміхуєчки.",1
"парасолька в руки, хулє і шось оптимальне на ноги, мені шкари мої канають на будь яку погоду:)",1
знайшов ахуєнні кросівки в дяді Вови.,1
"Там де без розбору саджають всю верхушку чи низушку (похуй) будуть саджати і усих інших, це ясно як день.",1
"А з тебе і правда нєхуй взять, таке ти нездале гівно.",1
Моя пропозиція поїбатись ше в силі,1
"Ти підар, но то таке",1
У нас із  охуєнні сіські.,1
нахуй нахуй с пляжа дєвачка ми тут всю жизнь пашемо,1
Ще прийде час – уйобуватимуть нахуй звідсіль.,1
"щоб ви здорові були, Надіє Георгіївно, за ті блядські шість годин і 20+ сторінок безкінечної писанини!",1
"А вже через день пиздили б той хліб і вино, ще до молебені",1
"По ""святкуванню"" в парку Політеху – абсолютно точно треба знайти і відрахувати нахуй, якщо то студенти ВУЗу.",1
", я просто лох, дуже",1
"а спонсор моїх недоспаних ночей - екзамени. екзамени - хоть і спишеш, але, бля, читай.",1
"Ти не в рф, такої хуйні ще не зафіксовано (навєрно)",1
"Він срати сідає, не знімаючи штанів, аблічЯтєль хуєв.",1
"...але ще краще, коли тобі насрать на школу і ти хоч кожен день прогулюєш (мені не панять :с)",1
"Васа за рульом - в твітері ховаються від ідіотів, які такий шлак в контакті пишуть.",1
"Бачу мене шторить знову,та ну в сраку все це",1
"Што такоє ""заєбало"" і де воно живе.",1
"В чому блядь сенс, хтось пояснить?",1
" сучок, за цей підйоб отримаєш",1
"Хоча.. майже всі люди, з якими я гарно спілкуюся хворі ублюдки",1
"Ой, ну ти правда думаєш, що я не подрочила перед написанням цього твіту?",1
"Сидиш в навушниках, а тебе всі, сука, смикать і смикають.",1
"Чувак, Шостку неможливо обкласти хуями ще більше, ніж вона вже обкладена.",1
А ще біля школи к хуям обірвався дріт,1
"о,цікаво,прадід і цього разу кричатиме після виборів,що ""до влади прийшли одні жиди""? утім,про вфя було ""гірше жида,кацапура такий-сякий"".",1
"бля, а я рівно рік тому це прочитала вперше)))))",1
"Потрібно встановлювати по місту спеціальні антистрес-приміщення, де кожен може вдосталь накричатися та розхуярити меблі.",1
Я: Ану не спойлери блять!,1
"Відчуття, наче мене трахнули в мозок і кінчили туди правками до технічного завдання.",1
"Вже час скоропостіжно спатонькі, собаки плюгаві!",1
"Якась хуйня, а не вечір виходить Начебто круто затусила, але хочеться плакати і не жити І ще все бісить",1
"Вчора було «післязавтра на роботу» а сьогодні «вже от-от на роботу» Здається, у мене спиздили день",1
"Замість ведення щоденників, в яких би я писала, шо все заїбало, пишу про це в твіттері.",1
"Та блет, я ж по черзі, ща всьо буде",1
Народжувати в Україні - це повний піздєц,1
"Хотіла поїхати в школу, де навчалася, але стало так страшно, шо ну нахуй.",1
Липень - його ти теж проїбеш.,1
Я щас Богуслава викину к єбєням блять,1
"Коли місяцями не можеш знайти пісню з якої пам'ятаєш тільки одне слово, - це пиздец як виводить з себе.",1
"Ше прийду в той твітер розслабитись, то ше тут блять своїми виїбонами сипати.",1
"- Та бля, вино з дині!",1
"Звичайно в мене нема ніякого здоров'я, звичайно в мене волосся вже як кіт наплакав, а як блядь інакше!!!!!!!!!!?",1
"І бля,я вже лягла спати,якого хрєна ці п'яні мудаки кричать під моїм вікном?!",1
"Коли якийсь черговий митець ще глибше засовує язика у сраку можновладців, сєрдоболи завжди цитують Колчака: Не... ",1
Хочеш пригнати на бляхах тачку і їздити?,1
От же сволочі якісь в Чернігові роблять!,1
ці люди явно не чули про XML чи JSON і це просто піздєц :(,1
"Дуже надіюсь,що ця погань піде з України, - Андрій Демчук присвятив своє золото воїнам АТО та 2ом загиблим друзям",1
Ніщо так не видає твою істинну сутність як твої їбануті друзі.,1
"Та сука бісять, то срач розвели, то тарабанять, то ше якусь хню роблять",1
"бляха, це ж в Макса дн було.",1
"Багато років майже не дивилася квартал, а тут потрапили декілька скетчів і я щось охуїла з їхньої гомофобії...",1
ці йобані сусіди з мопедом без глушника заважють мені дивитися Вінкс. суки,1
Як одночасно давати в сраку за гроші русні & їсти крєвєтки.,1
"Заєбало це все, хочу аби обійняли, поцьомали і напоїли",1
бля ну я канєш розумію шо це жарт але,1
"Всі люди по-своєму йобнуті, але не всім вистачає сміливості визнати це",1
"Щоб ви знали, який я задрот.",1
"Тася, ну йобаний стид, шо тобі не сидиться на місці-_- виживи, щоб я тебе припіздив",1
Коли ми з  вийшли просто ахуєнно,1
Він полюбе біг на парку і дрочив на людей,1
"І я вас прошу, я вас прошу, бл**ь.",1
Ця погода і моє волосся = пздц.,1
"Виявляється, що у нас дохуя журналістів, а тексти нормальні мало хто пише. ",1
Ти довийобуєшся з використанням 'iż' i 'że' byle jak Літерацькі погрози,1
карпатські розйобані дороги вколихали дитину за годину до режимного сну #карпатидлядаринки,1
не знаю які їбаньки за парламентсько президентську голосують,1
"На добраніч (ахуєть я позіциї здаю, раніше в 6 лягала, уже застрівши світанок)",1
А потім оргазм від топлення кошенят.,1
"до речі, чс в бразилії теж був дуже піздєцовий в плані підготовки і протестів, але нічо, відбувся",1
Одного разу сходив на сільську дискотеку і мене не відпиздили.,1
"І так, маю додивитись Медею, і це вкрай важко, ібо блеа!",1
от хай Райан Рейнольдс тобі і покупає морозиво. і в жопу пошла цитати великої Чернеги #слабоумиеиотвага,1
В пизду градусник Якби ти не міряв нічого і не акцентувався на тому Все було б норм,1
"Щиро сподіваюсь, що прикордонники цього разу не будуть брати в рот.",1
"пиздець їм буде. якось перемучусь, завтра поїду куплю. тут на все місто 1 (одна) оптика де можна придбати лінзи.",1
"бляяяя, ну Лєна, ну будь ласка.",1
"У чому тут карма може бути, ну йобана?",1
"25. П. Мирний - Повія (зупинилася на півкниги і здала назад до бібліотеки, але варто добити).",1
"Бережіть одне одного, а то піздєц.",1
у людини є два права - на власну думку і піти нахуй,1
Куди і що я приклеїв блять?,1
Так батюшка добився шоб люди в церкву ходили і спасали свої срані душі,1
як мінімум чувак на фотці хуйовий,1
"Ну да, тут ти полнейший лох Але я і так не піду собі його купляти Тому таке",1
"Але ніхуя, від цього сну прокинутися неможливо.",1
"Хаха ну бльо, я ні вінават",1
"пздц оновлення, як я взагалі без цього жила",1
"  ти ж гарна, а говориш хуйніпаймішто",1
"Не розумію, якого хуя схрещені над головою руки та фраза ""Я в домікє"" не допомагають від усіх цих проблем.",1
Кататись по країнах по мірі назбируванню мудаків в житті?,1
Офшор™ слав Ґройсмана нахуй ще коли то не було мейнстрімом.,1
Знову рецепти своїм шлюхам виписував?!,1
"Звільнення о першій ночі, бо в тебе зла і невиспавшася колега то блядь так ахуєнно",1
"А поки ви спите, скажу, шо хочу мати свого особистого їбанутого Діму.",1
Це пиздець взагалі-то і порушення прав,1
"То всьо через то, шо ти еблан",1
"Йди, йди до своїх хлопів, хай пригріют твою ображену срачину, може хоч європейцем виростеш)0)0)",1
А ох ти не сучка)Молодчинка),1
щас би нахуяриться в хламіну.,1
"Я люблю дівчат, але без живого члена ну ніяк",1
"ахахахахаххаха, бляха, весело тобі там)",1
"Нахуярила 19 тисяч знаків польською про антропологію widowisk і Бахтіна з Тернером, застреліть мене будь ласка.",1
"Вася, всьо хуйня, давай по-новой.",1
а дарма :/  Як от можна тебе не трахати?!,1
бля та мене тоже але ці люди тупо не шарять я намагаюся адмінити СК у фейсбуці й шось потрачено,1
"2. Фубля шо за корова, якесь страшко, данунахуй",1
"Сьогодні гірше сраного віника літаю, курва",1
Там зразу треба слати на хуй,1
"шо, канєшно, підказує, що часом полєзно не пиздіти для красного слівця і поберегти метафори :)",1
"найпрямолінійніша дівчина, яку я коли-небудь бачив Перша, кого я піздив гітарою за забуті слова Забудеш ще раз, приб'ю",1
ТОМУ ТИ ПОМИЛИВСЯ В ОСТАННЬОМУ РІВНЯННІ. говно.,1
"То один з тих варіантів: «мала, я тебе трахати не можу.",1
його теж треба час від часу зверху йобнути?,1
"Путен знов торгується за шось. послідовний 3,14дор.",1
"от піздюк, нє разом поїхати",1
"-Треба рости далі +Хай все їбеться конем  -Це займе час +Одразу нахуй  -На помилках вчаться +Я не помиляюся, підар",1
"Боже-Боже, дві довбойобки в стрічці, чесне слово",1
Нєхуй дойобуватись то і не отримуватимеш злості у відповідь.,1
"фак, сталкачь, і унріалка, пішов скачувати, нахуй ті пари і та, милота:з",1
"тупо не тупо, а я наприклад не здивуюсь. от не здивуюсь і пиздець",1
"- бля, та чого пиво виливається постійно?",1
"Так і хочеться крикнути, твої ниття, блять, нічим не допоможуть, суко тупа.",1
"Це відчуття, коли один придурок безпричинно пише рапорт на нормального викладача і всьому потоку тепер піздєц.",1
"коли виходить норм фотка, але  вирішує, що з треба з'єбатись і вилізти з кадру с:",1
"Закон життя номер хуйзнаякий: люди за сотні кілометрів від тебе завжди цікавіші, ніж ті, шо постійно поруч.",1
Вперше спричинила на своєму аккаунті такий срач в реплаях.,1
"Очікування гарно дьоргає за нерви,коли через хвилину тобі можуть сказати ""іди на хуй!""",1
"Але дуже точно сказано - то гівняна пародія на той серіал, який ми любили.",1
"блябляблябляблябля написав чувак, з яким я гуляла раз і якого після того морожу блябляблябляблябля я думала, він ісчєз блябляблябляблябля",1
"А ви всі суки, між іншим.",1
Взагалі хочу відівчитись від того єбучого слова Но важко,1
"Знайте хто пише ""провладні боти"" той далбайоб, немає у владі людей, які додумалися б до організації бот ферм",1
Обійняти тебе заважає твоя желєзна сіська...чи грудь...чи грудинка (с),1
Забула бляха про день народження.,1
Яка ж ми хуйова нація якщо за це нам треба платити! :(,1
"Бдя, завтра екзамен, я ніхуя не знаю, допучку немає, і воопщє пака",1
Послати все це ко всєм хуям і уйті в закат.,1
Це певно той самий чувак з яким і я пиздився,1
"Андрі жмот такий вапщі Ніби падла , ніби ні 2 Плантації має Та ще й 3 вимагає   агонь просто",1
Тільки мені сас інтерфейс – якась хуйня,1
"Спочатку мене не захотіли трахати, потім загодували майже на смерть.",1
"Я теж саме через це не можу, блять.",1
це буде мрачна хуйня,1
"Через що хочу, через те і охуїваю.",1
"Всі їдуть в Педоси як не їбатця,то садить/копать бараболю.",1
"Філософська істина від гопніків під підїздом: ""крім того що хуярити, треба бути толковим"".",1
"У мене зараз спиздили телефон, але я з претензійним їбалом сказала чуваку ""Віддай"", і він віддав.",1
"сук пиздиц, ти півас пообіцяла і вже через 2 години ми його пили)) які претензії до те блять?))",1
"Окей, я наїбала себе, коли сказала, шо стаю на шлях виправлення.",1
"дохуя разів Митець вжив у розмові слово ""бидло"", очевидно сам небидло",1
Як же хочеться послати все до пизди.,1
"я не виправдовую цукера, до речі. цукер - мудак, який загрався. але хіба це не було загальновідомим фактом?",1
"  ну то не читай мене бля, якщо я такий їбанутий ЗЖОшник",1
"Сука, навіть в мене немає!",1
піднімаю чашку чаю за день eblanородження і бажаю  гарно сходити нахуй у цей святковий день  цьомаю.,1
"Знайшла його і сказала...почула ""окей"" розхерачила йому ніс...",1
бля. нема їм чим зайнятись.,1
"Тепер коли я лягаю спати, то я лягаю спати, а не задрочу з телефону :(",1
"Вона мене заїбала, весь твітер в тій Аліні",1
І Суїсайд Сайленс - жопа взагалі.,1
"Згадала рекламу ""Ново-Паситу"" ту, де сидить жіночка з книгою, а довкола неї пекельний піздєц.",1
"Українські соціальні науки великою мірою в такій жопі через те, що ніхто не читає джерела, всі читають підручники.",1
" Укрпошта зрідні Укрзалізниці. вони ніколи не стараються, їм похуй на своїх клієнтів)",1
Єбать в Ельблонзі життя має бути скучне якщо вже навіть я звізда і подія.,1
"З одного боку, пішла вона нахєр.",1
"Не розумію приколу вдягати джинси, светр, шарф і босоніжки, блять.",1
"Блін тепер згадую те фото де ти стоїш на лавці,бля ти манюня і тепер така ж....",1
"Душа хоче дівчат з красивими жопами, а такого життя не хоче.",1
"Найбільш ахуєнно ісландцям: у них готівка вийшла з обігу, і всі користуються банківськими картками, і всім збс",1
О_О шозанах??! прийду додому зроблю скрін зі свого компа,1
"Трясця Я б лишився, якби не рано з квартири сйобувати(",1
"Те хрінове відчуття, коли тебе відпускає.",1
"а взагалі, іронія: офігівати можна довго і нудно. а їбанутись лише раз :)",1
"Господи, у мене така охуєнна помада, що я б сама свої губи з'їла.",1
Зараз то просто такий пиздец з ними,1
RT :  гуляв із самого срання. годував голуів на суворова. вони такі нахабні падлюки,1
"Мама обісрала мою оправу новую, як тільки можна...",1
Дивлюсь #холостяк і там де та темна баба на коні приїхала то просто пздц,1
"Тато тролить математикою в скайпі, йобаний стид;D",1
"Стільки мразей на світі, і жодної, здатної тебе полюбити.",1
"Чого в тві мало хто пише, що хоче трахатися?",1
Нардепа Соболєва ізбілі в рот чоловічими хуями.,1
"Ну от суки, замерзну я вам на зло самотньо десь в снігах Рівненщини.",1
"Сука, я проїбала можливість львівської прописки.",1
"А де ж мій любий, йопта?",1
"тому що ідіть нахуй, ось чому",1
"Мене слабо пиздять, тому ефекту не дає.",1
"Бо ""У кого сіські, тот правий""",1
Особливо улибає коли такі смс тобі пише дохуя чинуша,1
"Офіціантка хотіла його заїбашити, але я сказав, що це Валера і він з нами.",1
"Волонтери і адвокати намагаються по-чесному виїбати систему, яка хоче виїбати їх.",1
" о да, в цьому плані то я вобще бог крєатіва. фоткати якісь куски себе,тож як смисл життя блять",1
"Рига зустріла фразою ""Сеня, иди в пизду"" на вокзалі.",1
"Ой, блять, мамо, ви хоч у сни мої не лізьте.",1
"та я взагалі бачу за твоїми твітами, шо в нас у жизні одна й та ж хуйня нині",1
"Сука, режисура & постановка на п'ятірку.",1
А поряд буде УПячка стайл гівно.,1
"Хочу почути риторику Сцитника, котрий нєбаіцца ету владу нахуй!",1
"Дуже хочеться познайомитись з матусями їбучих спамерів, яки розкидують по коментарям свої їбучі посилання на...",1
"Одному мені здається, що такі перекоси з крайності у крайність від пиздоболів до вати не випадковість?",1
Це тут блять до чого?,1
Хуйова тема срати на людей.,1
"Тільки не з обличчям, а з жопою.",1
"- Хз, але нахуяритись можна",1
"А з іншого - де блять мій диван, я з нього ніколи не встану!",1
"Завтра підйом в 06.00, дура.",1
3. Як блять складають такий припижджений розклад електричок?,1
"RT : В гостях добре, а вдома — пиздець.",1
"Сукаааааааа, в мене собака померла Це просто піздєц В жопу все",1
"Топ-новина сьодня в Педосах: Анєлька назвала Ліду Трьохмоторну скотинякою,а та її назвала блядюхою.",1
"Попри всяких рагулів, радикалів, оппо, і іншу шоблу.",1
"Звичайно вже задовбало,  але якого хуя на вулиці сніг хуярить?",1
"Та ж сама модель білизни в іншому кольорі, але ж сука розмір не той!",1
" бля, я тобі не можу ж в дм кинути",1
"Передайте своїм, аби не крутили мордяками, хоча, зачекайте, так навіть краще",1
"повторюсь, ми маємо справу не з раціональним розрахунком, а з хуйлом-психопатом",1
"Завела тві, щоб писати розумні думки, а пишу хуйню",1
"Пєрвомаский(ое) – один номер на готель, вибиті шибки й кучка гандонів в єдиній тумбочці, що була єдиною мебеллю. дааа..",1
"Єбать, як згадаю, Що задвігав чуваку в потязі про 5 вимір і простір-час, аж ахуєваю просто.",1
Як вобше можна дати мужику із татуюванням їбучого ловця снів?,1
" бля,значить то тільки я так?)",1
"єп, *я відпушу, обіцяю* так, блять обнадіює, що сука далі нікуди(піздострадашкі) Всьо це останнє, більше не буду",1
"А я думала, що була би єбанутим мужиком, вже би когось вбила нахуй і сиділа би",1
"релаксую. виловлюю тупих пізд в аску і пишу, шо вони хуй :}  уміротворєніє",1
"Кидай нахуй ту роботу і ставай фотографом, бро!",1
"мене спочатку затягнула, але потім там почала творитись якась незрозуміла хуйня",1
"На цьому довбаному перехресті з йобнутими світофорами не те, що Сатану можна викликати, а самого Ісуса.",1
"  гандонів поки не бачила, всьо затьміл цей діван",1
Я вибираю послати все в сраку і цілий день лежати під ковдрою.,1
"Ця історія це блять лютий хорор і піздєц, але реально реакція людей і змі - піздєц не менший.",1
Нінавіжжу себе Думав почитаю зранку Включив на секу ноут 16:16 Блять Далбайоб,1
аааа. виявляється little sister це елвіса творіння а я так свято його приписала the incredible staggers омм  отетоя  лох,1
> це просто такий день))) завра всі нахуй помрем і піздец)))) аххаха мегафан) (с) фраза ночі,1
"Усе нахуй проспала, а краще б взагалі не прокидалась.",1
Карешка йобана у хвоста не лізе,1
"Сссссука, нічого не скажуть і роблять з мене дебіла, бо:""я казала, то ти в нас глухе"".",1
"та пошло воно все, вимкнула телевізор і послала все нахуй",1
"- Там дівчат забирають в бульдозер - куда бл*ть? - ну..як його..той дім розпусти - бордель? - а, точно",1
"2. коли ви, бляді, працювати почнете?",1
"А не слухати завідомо нереальну популістичну хероту, хто лікар?",1
Але все одно сука палєво...,1
"Якшо у вересні я не переїду, я заріжу сусідів.",1
"А, точно, блядь, бо раніше Олька і Юрєц були і мені було не до серіалу А зараз купа часу КУРВИСЬКО",1
"Ту хвилину, поки в мене без перестанку боліло й кололо серце, встигла 6 разів сказати слово ""сука"".",1
"Іноді я зупиняюсь і сама охрєніваю з того, що зараз відбувається в моєму житті.",1
"Подивилась у дзеркало @ вшарила, яке я уйобіще.",1
"бляха, шістсот першим, а тільки що була шістсотим. давайте, видаліться хтонібудь. чо хороший твіт пропадати має.",1
"Дуже сумніваюсь,шо смерть Путіна поклала б кінець війні.Радше навпаки.Хоча після смерті Сталіна найбільший пздц закінчився.І Крим повернули)",1
"Я люблю своє місто, але інколи хочеться такого простого та не вимушеного *ТА ПІШЛИ ВИ ВСІ ДО СРАКИ* :з",1
"Та вабщє, охурмєлі люді однако",1
"Ти зща на Тернопіль не наганяй, а то так і з літровою бутилкою Опілля в жопі нахуй підеш))))",1
люди які читають хуйнет нагадують мені перехожих які стовбичаться пазирить на аварію посеред дороги,1
"який сенс писати людині дуже важливу інформацію, якщо вона її ігнорить нахуй",1
"Сподіваюсь, що коли повернуся до Києва, Подільський недоміст нахер завалиться і приб'є всіх рейверів у скейт-парку на Рибальському",1
"Створи її, курво, навіть там, де її не може бути.",1
"Також нагадую, що сер за посиланням - не хуй собачий, а нобелівський лауреат з економіки.",1
"Мені здається, шо це ізискана чотка хуйня.",1
"Навесні) Шоб пошвидше закінчити всю хуйню з доками, або взагалі середина кінецт зими",1
"Смазка для сексу, штанги для пірсингу, чупачупси щоб сосати і цукерки у вигляді хуїв.",1
Орууу Згадав ШеМі Оруууууууу Блядь Глеша??,1
хаха ну бля *закидається тортіком*  можу собі позволить,1
поясніть мені шо за хуйня в кмда твориться? і чо свобода кончані (тоже мені друге питання майже риторичне),1
" хм, тоді більшість жінок що пиздять своїх чоловіків качалками і макогонами за пізній прихід додому - це квіри?",1
Знайшла на секонді охуєнну футболку.,1
"Важко пояснювати мусорам, що кров хуячить з носа і очі червоні, бо ти не торчок:)",1
"Хет-трик, це вам не коників з гімна ліпити :D",1
Які ж суки!  ніяких гарантій їм! після перемоги всіх розстріляти!,1
"І справді нема сенсц продовжувати розмову з людиною, яка не бачить різниці між вийобщиками і нормальними інженерами",1
"Якого фіга ви, немісцеві, йдете у таксисти.",1
"Давайте перепишемо, бо тут ми вже пересрали все.  ранок в університеті, дякую.",1
Я тут стараюсь На хуй вас посилаю А ви відписуєтесь Не можна такhttps://t.me/eblanvert,1
"перша лекція настільки блювотна, що ліза все напише в твіті замість мене",1
"Ржу, як мудак з постів групи ""Че""",1
Ви заїбали рвати і намагатись повернути вкрадене,1
"Бо сука яка їм різниця, що ти ото з тим робитемеш???",1
"Коли люди, що мешкають в Україні, не можуть прочитати чи зрозуміти українське слово, так хочеться словником запиздити.",1
"я убила свій 6s за два роки, яке ж гівно, блін.",1
"Також я: ля, як ахуєнно чайник кипить",1
" і на майбутнє - свою псевдобрутальність,яка є результатом недотраху і остогидлого самому собі онанізму, лишай при собі",1
"Якої тільки хуйні не налізе в голову, коли займаєшся хуйнею замість того, щоб спати.",1
"Яка вірогідність того, що агресивне ""хой!"" в тексті мого нового рінгтону, на роботі не сприймуть за ""хуй!"" на максималках?",1
це ти нарєгав цих хуйових аків?,1
"Банк: ""За новим законом ви не можете отримати вестерн, бо через кримську прописку ви нерезидент України"" #санкціїхуянкції #хуевыесанкции",1
"З давньолатгальської ""жити"" означає ""писати в твіттер хуйню і страдать"".",1
"Колега так плямкає, поки їсть яблуко, шо мені хочеться її врубати з вєртухи.",1
"Люблю тверді матраци, тверді члени, тверді яблука, а з твердим знаком у російській наші стосунки якось не склалися.",1
"Коли прилазиш додому, а на тебе там чекає пляшечка джину, охуєнно, єслі чєсна.",1
"Рішуче вимагати Рішуче оборюватись Рішуче засуджувати Рішуче звинувачувати Рішуче обіцяти  І ніц, ніхуя не робити.",1
: Купив в метро жетон за 4 грн. - розридався як сучка :(((,1
"сьогодні побачив чувака, який вибірково привітався, видно вчився в хуйовій школі і там такого не вчили - научим!",1
"були порно лінки, павєрь любіма. але хай краще порно ніж дієти. мудаки паршиві.",1
"Не бійтесь посилати нахуй людей, без яких, вам здається, не прожити.",1
"Паскудство всі трахаються,а я тут просто вмираю від того,що нічого не можу",1
"#не_зупиняйся_челендж  Боже, як я заїбалася.",1
"В потім прийти з йоблом ніби він не запізнився, а ти раніше прийшов",1
"Нема грошей на квиток до Києва навіть, бля",1
"Та краще сам їм заплатив би, щоб не працювати цілу зміну з цим мудаком",1
"Я думав ви люди хороші, а ви в мене спіздили гроші Тому моя думка така Хлопці ідіть нахуй",1
"Другіє руцкіє виспівують подвиг новососів та додають лопату руцкомірной духовності у кров, гівно та захоплення чужих земель",1
"Пишеш кавер леттер, думаєш ""який я охуєнний!"".",1
"курва, провтикала десь usb від плеєра, а там стільки ностальгії, стільки Крутих треків",1
А хуйові жарти вимірюються в дедеерчигах.,1
- Так розумно його пиздьож ще ніхто не називав.,1
"аби хоч без жертв з нашого боку, а ті сучари нехай подохнуть.",1
"Сіла працювати з самого ранку й охуїла: виявляється, це не так вже й боляче.",1
"Як встати на першу пару, якшо ти в рот її їбав?",1
"Це так ОХУЄННО, що в мене сльози течуть.",1
"Нащо починати зустрічатися з хлопом, заздалегідь знаючи, що в нього маленький член,який тебе не задовільнить?",1
"А шухлядка з заначкою манить, пиздець",1
Ввімкнула собі лекцію на ютубі про одну хрінь.,1
Така баба що все зразу до писка пхає..,1
А я атвєчу що за хуйня,1
"Руки з жопи у нього, а він ще оно намагається домовитись, щоб його не звільняли",1
бляяяхаа як таке можливо взагалі ахаха,1
" бля, але ж я... вже придумала...",1
"Ти щойно описала причину того, чому я ліплю його в речення типу ""все максимально хуйово""",1
"ой, з тупими спорити немає сенсу) я люблю з розумними, типу дискусія і все таке с:",1
Коли настрій гівно-гівном одягаю шапку-пінгвіна і хожу так допоки не появляться перші промені хорошо настрою.,1
"всмислє Марк шлюха він ж такий прєкраснєнький, альо",1
"Коли вони з'являються, держава в сраці мала ті сім'ї.",1
Відкрий мою шухляду та опинися в чарівному світі хуїв.,1
"Придумуємо слова на 'Б' Лєна: блядь, баккарді, бісексуальність Я: БІХЕВІОРИЗМ",1
"Не пономаріо канєшн, але заїбало вже до крику.",1
" бля, ти мені свій запал до навчання віддав, а сам...",1
ДААА ДІМАСІК ДАВАЙ ХУЯРИТИ ДЗ НА ВСЮ МОШЧЬ!,1
Нахуя в тебе хуйовий настрій?,1
Дякую за такий класний подарок  Подарок блять.,1
ГПУ vs НАєБУ P.S. НАєБУ – це коли в жопу їбуть.,1
"Нахуя витрачати свій і чужий час, якщо можна все зразу сказати прямо.",1
"Проблему у вас самих, лікуйтеся бл.",1
У нас буде свій Антоній з блекджеком та шльондрами.,1
- трижди нахер - 27 - *уй з горба- велика скорость,1
"Кому це куди впиралось, якщо можна сидіти придумувати твіти про шлюх.",1
"Я, курва, свою кінцівку не відчувала взагалі)0)",1
Ніколи не була таким долбайобом як завжди.,1
"А по факту ти на хаті в Терні, де цілком можливо тебе виєпуть в жопку)0)0",1
У блядєй не задалось з опитуванням.,1
у нас на Чернігівщині заєбєнно говорять русько-укро-білоруською.,1
"Просто цікаво – куди і з чим побіжить звертатись ""власник"", котрий вважає що усіх наїбав?",1
"дивовижно, що в людей, які свого часу забили хуй на мене, з найдорожчих людей залишилась якраз я",1
"Не йдіть в універ, там срака.",1
"сука я хочу спати, а не іти на світову",1
з Ґанґадзє в сраку лупляться – нічого дивного.,1
"Бо якесь мудило втовкло їй в голову, що гарно коли велике.",1
"Як же заїбало, боже, мала ж такий хороший настрій, за шо",1
"Я знайшла емочку в бц і просто ""блядь, вони ще існують *звуки стігмати в голові*""",1
"Спершу агрилася, що сьогодні хуйовий день, а потім побачила, що на роботі в туалеті повісили туалетний папір з цуциками.",1
"передай підору, що я йому в обличча сцяв.  тричі.  тільки сьогодні.",1
А то останнім часом їбануті сни не дають нормально виспатись,1
"Починаючи від Московії, чи яке там ще болото до того було, (назва, яку варто їм повернути), і закінчуючи РФ.",1
"Звісно, я про якісне, а не про гімно з рота.",1
"Але я люблю усвідомлювати, що всі ці люди на зупинці о 5й ранку такі самі йобнуті, як і я.",1
Треба було прифотошопити чоловічі соски і жопу :),1
"Дійшло, що ти проїбав шанс стати ірландцем вже сьогодні.",1
"І знову, в пізду все, їду катати:)",1
"Тут чувак з подробицями описує секс так, шо я зара йобнуся.",1
"Фінське слово täynnä (повний) запам'ятовувала завдяки вислову ""täynnä піздєц"".",1
"Обісси собі їбло, мразь :3",1
Та ви там похуїли всі чи шо?!,1
"Якби не твіттер, про те, шо я долбайоб, знала б лише мама.",1
Солідарність і Удар тепер разом і чекаємо коли їм буде пздц.,1
я ніколи не буду важити 50кг...і похуй,1
"Настрій: з'їбати кудись в дєбрі Естонії, лишитися в глухому селі й торгувати рибою.",1
"твіт про політику. я вважаю, що старим пердунам варто сидіти вдома, бавити внуків і по тєліку шустера дивитись.",1
"Перелізу за комп, кину, забула, якийсь канадський хуй робив",1
"Але тепер бля, якщо спецом плюнути в лице комусь, не буде відмазки",1
"Заїбали ці люди з ахуєвшими фотками і пафосною жизнью в фейсбуці, які потім просять 100$ позичити.",1
"Зателефонувала подруга, сказала, що бачила на зупинці мого колишнього-мудака.",1
Хто проїхав свою зупинку і заїхав в територіальні єбєня - той я.,1
"Навіть Нахуй спокійно не злітаєш, скрізь суцільне наїбалово",1
"Вона дуже тонко розуміє, як треба з ними говорити і всю зустріч безперервно обкладала їх хуями гг",1
Ну от було все так охуєтітєльно  Якби не цей грьобаний день...,1
Народна бабська мудрість: намалювала одне око класно з 1го разу - з другим буде піздєц.,1
"Ми віддаємо тепло тим, кому воно нахуй не треба.",1
"бля, у фб знайомий запросив на науково-популярну конференцію inscience, і я згадала, що я аспірантка.",1
"Думала, вже дохуя, а їх лиш 12.",1
я вашє музична шльондра /с/  #фразадня #просточувакмеломан,1
Згадай як ти пиздиш мАлого і посміхнись,1
но поки в тебе виходить тільки пиздити мої мислі,1
"бля, ото істинна і бухі люди такі прикольні шо капец",1
" бля, не врахувала :DD",1
Коли вже доля буде милосердною та пошле мені благодатного похуїзму?,1
"ДПА - то херня, списати як раз плюнути",1
Ця сучка вирішила мене завстидати тим що в мене ліфон видно.,1
Посиділа на парі з якогось говна ще й відчула себе тупою бо не получилось в цьому говні розібратись.,1
...а заодно повичищаю звідти всю хуйню,1
Жіночі лайфхаки - це щось на межі між геніальністю та їбанутістю.,1
"бляхааааа, як же я люблю майкла щура і чуваків, які вставляють звуки у його програмах",1
діставай ніж і хуяч.,1
"Чоловіче, коли тобі сумно - напиши своїй жінці, бо вона в тебе ахуєнна!",1
"Це значить, що шлюх теж поміняють на нових?",1
"Netflix and chill, Hulu and rim job сукаааа ору",1
"А ви знаїте, городьські серед якої катигорії населення Педосів найбільше поширене лізьбіянцтво?",1
"Той момент, коли найстрьомніша дівчина класу стала красивою, а ти як була уйобіщем, так і лишилась.",1
"  пацан, якби ти знав, як похуй",1
"У мене є фотка, на якій моя жопа та ікона присутні разом.",1
"бляяяха, чим скоріше - тим краще) то одне з найкращих повнометражних аніме)",1
"Замість «єбать, ахуєнно» мушу казати «дуже добре», бо інакше шеф скаже «єбать, ти ахуєла, Соломія».",1
Але ці підари зазіхнули на святе!,1
"Хочеш, я привезу смужки та сама тобі вхуярю?",1
"Обох пар не було, ахуєть, зачєм я вилазила з ліжка",1
Хочу хуярити людей палками до кривавих сліз.,1
От інтересно: а коли це болт в сраці перейминували на гривені?Странна якась дикумунізація...,1
Як мона їбтися з нехристями і безбожниками?,1
"Написала майже половину статті, а блядський кіт водьоргнув провод від компа і все видалилось до бісової матері",1
"Надягнула костюм школьніци і пішла на форум, бо хулі",1
"я не матюкаюсь, я просто хуйово воспітаний (с)торож",1
"Викличте хтось санітарів тим, хто думає, що комусь не похуй на їхню думку.",1
Рук точно нема Бо сука чай розлив,1
Хуярю по ескалатору з їблом у передридальному стані зі збіркою Лермонтова в руках.,1
"Моє придане - це зайобаність, недолугі жарти та жопа.",1
"Я просив звичайну смс, а не в твіттері, блет.",1
"Бля, невже я настільки хуйово виглядаю?",1
"У мої обов'язки адміністратора не входило, блять, вбивати величезного павука, від'їбіться.",1
а бля ти ж в гуртожитку то ті що там зверху ?,1
Я свою сраку взагалі не відчуваю...,1
"Ти підходиш, а вони тебе хєрячать!",1
"сьогодні друге "": В оргів є лише дві проблеми на заходах: 1. ніхуя людей 2. дохуя людей #бути_оргом""",1
"У оптиміста склянка наполовину повна, а песимісту розкроять їбало її осколками.",1
Гівно в гавно на говні,1
"На одній сковорідці пригоріло, на іншій ще не готово Електроплита це ахуєнно",1
"Баба - це коли сама формуєш проблему, сама накручуєш себе, сама ж заспокоюєш потім.",1
"мені вже теж, через пару років знову заїбашу щось таке",1
"Поліція, дура в Франківську, Вапіано.",1
"- піскова, покажи свою мордяку  - тобі яку, верхню чи нижню?",1
"У кожній бабі є оце тупопьоздне ""Тре перевірити шо він пофавив.",1
"завжди чомусь думала, шо я мудра баба, а життя показує шо я таки ниюча тупа пізда",1
"їбать, я б ці на гроші всі Жигулі України скупила",1
"а він буде. бо це класика уєбня, замордованого комплексами, попри хуліарди грошей батька. чмо. не розумію американців.",1
найгірше виходить - не пиздіти про себе на загал. але хіба ж ви загал.,1
"Дайте номер Войцеха, скажу йому, шоб поставив вєнтілятори в купе, бо, курва, ЗАКРИЙТЕ ДУЄ!",1
А якщо вареники на сіськах заєбашити?,1
В тебе є свої пріколи Но ти далеко не мудак,1
"Не пішла сьогодні на роботу, бо мені хуйово.",1
"ура,навушники не проїбав,а просто вдома їх залишив...от вам і розтяпа...",1
"Піднакрила хандра, набрав сладостєй і їбашу.",1
"приїхали до улюбленого озера смажити мнясо і відпочивати очима, а тут нас оточили кацапи.",1
" бля, ти змусив мене ніхуйово так задуматись.",1
"Мене тіки шо просто порвало, я такого ще не чула: ""дайте мені ІКспресо"" Це шо блядь за кава така????",1
"Недобрий знак, коли тобі кажуть, шо тобі треба б йобаря.",1
"мені подобається мер Тернополя, мер Франика і мер Львова. а не подобається Віталій Адольфович Кернес. бляць.",1
"Цей кіт уїбан, він заслужив на страждання.",1
"Що то херня, що то і обидві ці херні...",1
"Блядб, що не онал літєга від антикурвапціваньєрів, так зашквар.",1
"Якби дівчата любили вухами, то вони б не лайкали стільки різнобарвної хуйні в інстаграмі.",1
"А то не знаю, шо з вами зроблю, зрадники!",1
"а хулє, в теперішньому світі всьо саменький робиш:)",1
"Зі шлюхами, блекджеком, ТОЛ, Димна Суміш, Esthetic Education, Lюk, АННА...",1
"- Твітер заміняє тобі і друга і дівчину - Шкода, що твітер не трахнеш, та?",1
Якась хуйня починає стукати мені у вікно.,1
"А можна єбало на нуль, я тебе прошу.",1
"Піздєц як люблю цих прижджих: ""А куди в жопу поїзда іти?"".",1
"Мене треба ганяти, як сидорову козу, щоб грошей обмаль, і я їбашила, їбашила і їбашила.",1
"так шо ДА. ето ціла ""культура"". плекається з любов'ю і передається "" наслєднікам""  хАхли с Кієва прієхалі, вийобавацца будут©",1
"якщо ви вважаєте, що вам гірше ніж мені, то шкрябніть це під хешем #вот_так_блять_живу а я почитаю і,може, втішусь",1
" бляха, ти то я)",1
"Тре братися за голову, доки ше є час, і вигрібати з цього гівна.",1
"Приходиш додомцю, а маман наєбошила коржиків з корицею.",1
"блять, рівне, шо там у вас проісходить?",1
"Знайте, якщо ми з вами зблизитися, то ви йобнуті",1
"Дипломи, олімпіади - то все хрінь.",1
"а мене і не розуміють, но чисто похуй",1
"Блять, даже не знаю що б це означало....",1
В сраку собі засунь ті скобки,1
що розбив подвійний склопакет кулаком... пиздів.,1
"Сука, єбав я то всьо в рот.",1
Розповідають про мандрівки і гарні сукі.,1
" сучка твереза, віддай її мені!",1
" коли монахам хочеться подрочити, як вони придушують бажання?",1
Народився бог на бляхах у лівонськім місті Рига.,1
"Але більшість наших жителів гірше за шльондр: арк, лнр, днр.",1
"сільпо хотіло наєбати мене на 30 грн, але ж я хоч і в окулярах, але сучка уважна",1
"Згадалось ""Макарєнко казав, що наябувати не педадогічно"".",1
"Хтось у тролейбусі везе відкриту фарбу, і нею так охуєнно пахне, що мені вже добре й спокійно.",1
Педосинно-український #словник: Добрідень-ти хто такий?Звітки приїхав і до кого?Шо привіз і кому?,1
Я рот ваш їбав ішаки.,1
"Звичайно я пздц лінива жопа, тому буду 2 години збиратись і нити...",1
"Подивився відоси з піздялками фанатів, фізуху ще звичайно треба качати",1
Як виявилось сьогодні багато хто готує #вареники RT : хулі всі сьогодні про #вареники постять?,1
"З п'ятниці оголошую тиждень лежання і дивіння в стелю, бо шось мені геть уже пиздець.",1
"люди не пишуть мейли, бо вони всі ліниві сраки",1
"Я не коментуватиму інтерв'ю Собчак,бо я,бля,навіть не знаю як це коментувати.",1
"Чому так стається, що де б ти не працював, а всі замовники - підари?",1
Що блять з шрифтами в твіттері сталось?,1
" у хлопчиків замість растіжопа, трапляється растіпузо ;)",1
" Само по собі це прізвище гарне, якщо не брати до уваги його носіїв-мудаків =)",1
"Ох, ніхуя собі, М1 Монеточку крутить.",1
І ще я не бачила як тп стрімлять свої бухові обличчя з якоїсь frat party чи ше чогось такого.,1
"з новою шлюхою, але в футболці, яку стирила в мене",1
Такого піздєца ше канєшно не було,1
"бля, ту дівчину, що врубала мультик, звати Женя...",1
"Це сука боляче, тупим ножем вздовж руки.",1
Щирішого ахуя на обличчі годі і шукати:),1
"Хай піде норм дощ, щоб Юля сука хоч намокла",1
Та пішло воно всьо нахуй,1
"Чого ж ви, суки, вдень спите?",1
Що я йобнулась на всю голову?,1
"Бля, ПєтяПробач) У нас тут серйозні теми, а я...",1
То вони так дрочать на Китай чи гонять з нього?),1
"А НАЙБИ ТИ СКИС КУРВА МАТЬ, ЄБАНИЙ ІНЬЯЗ. єбис коньом через три пізди.",1
"Забив гол за гуртожиток єбать круто, мене аж пре",1
"підобіра, який кричить шлюха  Бачпв би ти цю малолєтню мадєль :D",1
Йобніть мене хтось щоб я зараз не купили спортивні лосіни за дохуя $$,1
- Як мене бісить ця херня.,1
"* коли навколо робиться якась дічь,і ти така ну бля, жила ж нормально, за шо*",1
Пішло воно всьо буду вчити історію  бо я хочу а там ті всі мови і тд пішли в сраку,1
"Блять, ви колись пробували пояснити влитій людині КОЛІР?",1
"Нині піздєцово знизився тиск, думала вже, що впаду, вдарюся головою об гострий кут сходів і помру.",1
"бля, Володь, з тебе ніхуйний керівник вийде",1
"Сьомич топовий мілашка)0)0)0 А я тут так, ше тверезий і не натворив хуйні))))",1
Щойно у вікно офісу з усього маху уїбався голуб.,1
"Війна заїбала, fuck the war, давайте радіти і грати музику, ага",1
"І так, Шусс з Вольвіком: Зе Нью Колосус чи невїбенно непочатий край роботи?",1
"тебе не вбити з твоъм то досвыдом подорожей що ви всі компліментите, бляха, Манжула!",1
Ось тільки тиждень назад пояснювала другу з Грузії чому в мене країна Росія викликає лише блювотний рефлекс.,1
"Ні, не розумієте  (Відсилка до хуйової реклами)",1
"висновок: дуже затягнуто, дуже багато непотрібних паралелей, хоча є й дуже класні. виїбати нікого після перегляду не захотілося",1
"до цього мене жизнь не готовила, бля",1
- Ну оця #курватві - Може #укртві ?,1
факмоймозг Бабкін це блондин?,1
"Однокурсник: Так чисто по культурному, хоч піздитись, чи шоб я вибачився?",1
"завтра це все закінчиться, і ми всі дружно побіжимо обсирати бляхарів, так що розслабтесь :)",1
"То він просто мене вживу не бачив, ото ахуєє бідний)0)",1
Завтра поїду роздавати їй піздюлів.,1
"Сьогодні лягаю раніше, бо піздєц як хуйово.",1
" та бля, я вже така схарена, що на зло хочу то написати.",1
"а ти йдеш на хуй, як...",1
"Стільки людей на планеті, а найбільш йобнуті завжди біля тебе.",1
"#np Korpiklaani - Tapporauta шило в сраці пре через край, мені хочеться почути це наживо і добряче так відірватись",1
таке враження ніби там воднева бомба вибухає і за секунду нам всі пизда)))),1
"Мудаки всюди, очі мають бачити, що беруть.",1
"*граємо в Еліас* -""В дрєвнєм Рімє пізділісь хуї..""",1
"Бля, зара ми з нею одне обличчя",1
"Таке враження, шо будь-яке слово в англійській на сленговій мові означає член чи єблю.",1
"Та вчора ж людина яка це зробила писала, що фейк і що цей фейк завтра тягатимуть інтернетами свідки перхотної залупи.",1
"Нікіта, перебиваючи: в жопу дітей!",1
"Вона - як шоколадна крамниця, де купа всього смачного, а грошей, бл*ть, мало.",1
на неї тоже похуй но мене полюбе більше люблять,1
"Це були просто ахуїтєльнійші вихідні Дякую всім людям, які зробили їх незабутніми",1
"всі пиздять, не треба цього забувати",1
"О, ще одна нова дратуюча хуйня в сповіщеннях",1
"Типу ""бро, я найшов тобі норм варіант на потрахатись""?",1
"Боженька, якого хуя, за які блять гріхи, ти зробив мене вболівальником Динамо Київ?!",1
"картинка пздц. в мене є маленька мрія: путін, сука, здохни!",1
"В брюссельському аеропорту черга на вхід, перевірка, зроблена на ат'єбісь, всі йдуть через сусідньою доріжкою і норм.",1
ідіть в хуй з тою поєбєнню,1
"І я тут не пиздякаю, наприклад.",1
"Я стояла в ахуї, а в її очах було німе ""ну й тупа""",1
Зараз би всі проблеми зводити до недойобу.,1
Тому що мене заїбало все це!,1
"Я б її захуєсосив там, чесне слово",1
"ХУЯСЕНЬ Не знаю, як вони, а я люблю залипати на довговолосих бородатих мужиків",1
"Я б тебе виїбав, але не просто для кількості.",1
"ох то піздєц. добре, чувак, що я тебе не фолловлю. вбила би.",1
Зарьований єбальник Зелений спальник Віршик не склався Як і моє життя  Але ж не може бути так завжди.,1
"Пан Геращенко за допомогою слова запалює гузно підару з ""Інтеру"".",1
"Вiн нас наябував, казав - нема чортiв.",1
"Здається китайці & ""братушки"" руснявих збираються насрати на спину Вові.",1
"Доречі Емірати теж піздато з хімією ""удобрілі"" своє.",1
Коли херово то всюди і по максимуму,1
"Ой блть, як же ти заєбав.",1
"Сонечко,ти більше не лох  Все для тебе,свіжачок реакційний)",1
"бля, це ж, це ж, це ж....",1
Ахуєнно Блять Як же це ахуєнно Давно такого не було Кончаю аххаза,1
"До списку належать також ""журналізди"" і ""журнашлюхи"", ""хробацьке"" в стосунку до Горомадського, тощо.",1
01:39 саме час слухати як трахаються сусіди зверху,1
"Хиів доєбатись, та хтось мені каже що я не молодий(",1
"Ти впускаєш Снятин у своє життя, а там піздєц.",1
"Що там, блять, за скотина собі самооцінку підіймає?",1
"Якщо жарко навіть в метро, то ну його нахуй таке літо",1
"Тобто сєпари могли просто нам вугілля не продавати, і Україні настав би пиздець?",1
"Одразу ж видно, шо нічого вона в руках, крім пеніса, не тримала.",1
І хочеться стати іншою блять людиною.,1
"та ну вас з Алєгом в пізду  Я, блядь, заснути не можу, бо повторюю уєбанське «алєгалєгалєг» і ржу.",1
"нажаль _нє сгорєла_ сука :( а в іншому – шлачище, якого годі шукати. рівень кіностудії ""Азілум""",1
"кишені її (казну гг) наповнюють. мов ""мог би і атпустіть, но аштрафавал!"" – оце вся суть тої пиздоти.",1
"Чого я так хвилююся, курва.",1
"бля, я не до того твіту подумав",1
"йобаний сука насос, того йобаного вальсу не буде",1
"Такий секс, шо лиш завалити та їбати.",1
Охуїваю з формулювання і вміння переливати з пустого в порожнє,1
Та заїбали ви тим шоколадним вином.,1
ща теж забіжу на кілька хв) може якогось кобу нахуй пошлем,1
"Стадіон заспівав Путін хуйло, диктор, тактовно замовчав щоб по тєльчику почули",1
"Бляха, такими темпами я скоро буду ходити митись до друзів, бо я заєбався в тих тазіках купцятись.сук.",1
"Скільки б там не ржали над стандартами BBC, але ось кіно вони зробили охуєнне.",1
"...а українська може розширити до ""гарний, як срака навиворіт"" і ""гівно доганяло""",1
"освітянська програма з сучасного мистецтва, архітектури та дизайну «Забей ебло»",1
ахахха))) Зоряні Війни блеать!,1
Поправляла труси і випадково подрочила.,1
"Вже чую що буде пізда, але після славського щось нічого не страшно",1
А задня сторона руки взагалі піздєц як мило.,1
"Як-то кажуть важко охуєвать, але треба.",1
"ОТ блять, от просто блятьблятьблятьблятьблятьблятьблятьблятьблятьблятьблятьблятьблятьблятьбблятьблятьблятьблятьблятьблятьблятьблятьблять.",1
Тоді тягни свою жопу в Сільпо!,1
Скажи нихай  розблокірує Педоси а то б-г знає за шо вона наклала на нас анафиму,1
"Усе, що вони при мені говорили, мало означати ""ми піздєц які багаті і охуєнні, прям срем грошима"".",1
Під сральник привчити не вдалось.,1
"Я ж заїбу, й мені таки скажуть",1
"Просто скажи йому три головних слова: ""Ти ахуєл, сука?"".",1
Ясно що то всі так І чекають почути що все хуйово щоб потішити своє самолюбіє,1
"Я прямо охуїваю, що є люди, котрі живуть з хлопцем/дівчиною та можуть цілуватися коли завгодно.",1
"Йобаний південний, я паходу заблудилась :D",1
"шарф розміром з ковдру і як його, блять, носити?",1
"таксама ахуенна, таму што каля ложка бутэлька каньяку :)",1
"От вобше біль з болю, коли навіть торкнутися не можеш людини, яку б радо виїбав.",1
"Говориш якусь хуйню і вдаєш, що ти нормальна людина.",1
Підори що стріляють салюти: вбийте себе нахуй будьласка.,1
Можна новій бухгалтерші в'їбати з ноги???,1
"Побула там, забула нащо, поїхала додому, тепер згадала й знову мчуся в жопу.",1
"- Це так мімімі ^_^ - Фафафа, бле*ть.",1
"от не люблю я слова типу ""дура"", ""ідіотка"", ""дурепа"" в свою сторону. навіть в жарт.",1
"але ти погоджуєшся, що в мене срань?",1
Як же мене заїбало твоє лицемірство.,1
Нє Бо тобі єбуть мозги за то що ти ніхуя не помічаєш,1
бо я сам соціоблядь мені хватає,1
"ну шо, я вже не можу поставити шосьв честь свого дн? піздєц ти странна",1
"Швидше за все, ви і є та погана людина!",1
"Адна дєвачка-прідурок, а ви, трі гєнєрала, ні хєра нє можетє здєлать!",1
"Останній день весни хочеться провести якось атмосферно, але хуй там.",1
"Дуже кайфово, коли хотіла зробити манік, а мамі хтось подзвонив і вона сказала, шоб я йшла нахєр.",1
Ну я б сказав ніхуйово почали:),1
Та якого хуя мене розбудили в 8 ранку?!,1
Мені священик гріхи не відпустив бо я не хотів пообіцяти бабів не трахати Лаллл,1
"Ми вже запаслись, і ніхуя не платочками гг",1
бля чуствувала таку оібду за цей кафкіанський процес. якби тебе виперли я б зневірилась в человечестві,1
"Хочеться певних людей підпустити до себе якомога ближче, але зберігайте, блять, дистанцію.",1
"Виспавсь - це коли мозок так заїбався вигадувать тобі сни, що останні 30 хвилин показував документальне кіно «смажимо млинці».",1
"Відповідає адвокат, та лідєр партії ""Спільна Дія"": В голові одне: доколє блять?",1
"Бля, 2008го року Кравчук, Фокін та інші екс-друїди заснували ""раду старійшин"".",1
сука-сука)  йому підсадили якихось їбанатів вести сторінки)))),1
Ти маєш невпинно працювати над рівнем власного похуїзму.,1
та і хотілося вмантулити йому по мордяці. мурло підстаркувате,1
"Це так, як забарикохуятися, тільки без хуїв.",1
"- Тому й живеш у гівні...""",1
А там якийсь чувак старший за нього на 6 років постить жарти про бульбулятор та якусь хуйню.,1
У Книріка та його колег по борделю продовжують палати пердаки.,1
Можеш просто знімати своє гарне їбало.,1
"бляха, я вже навіть забув за то))))",1
Не їбіть мозок і дійте.,1
" через підорасів без почуття гумору, мудило ти в спортивних штанцях, престиж падає",1
"- Слухайте, ви такі милі (читай єбануті), у мене є знайомий сценарист, з вас можна списати класних героїв сіткому.",1
"Погода в Луцьку, звісно, повний блять Бандерштат.",1
"Не пиздіть: усю порожнечу всередині, котру ви буцімто відчуваєте, можна легко заповнити смаженою картопелькою.",1
"Я єбав, другий день з пацанами єбашимо як коні Але і бабкі нармасні рубаємо))0)",1
"Таку прєлєсть показали, музей хуїв в Ісландії",1
"Грузія завтра отримує безвізовий, а ми залупу за воротнік",1
"Мама говорила шо я самий умний і самий красівий, но я то знаю шо то все піздьож (с) Сірьожа",1
єбать ти упорота ще б коли помітила,1
"Люди, котрі вибивають килим о 10й вечора, взагалі нормальні, блять?",1
"Блять, столице, за що ти так?",1
"а ще не можна шутити, що ""ох ти й підар"", бо може образитися",1
Привезти замість них тобі французьких парфумів і ще якоїсь поїботи?,1
ніколи  не постила тут сіські і жопу. треба починати чи шо?,1
А з яких саме?В Україні Троєпедосся!,1
"Сууууукаааа, який же ж ахуєнний момент, коли вчитель на парі починає розповідати, яке Бердичів класне місто)))))))))))))",1
"Ну, нам спочатку показували просто їх секс і я така: бляяя, оце бляха ахуєнно.",1
"   >> Приходить п***а на ніжках: -Дайте мені лікарняний,затрахали мене,не можу більше!",1
Тому курва підтримуйте один одного.,1
піздєц О___о і якби зі мною таке сталося ти б мені те саме говорила?),1
"Ти чекай, вона ще щоки надує, ващє ахуєєш))))",1
ми вже прийшли) старі пердуни),1
не дивитися російське - значить нахуй),1
"Колись я говорив, що коли я п'яний то я найахуєнніший який тільки можу бути.",1
Негоже в мому віці хуйньою страдати...,1
"А там така баба агонь, всім піздюліну",1
"Хочу бути інтелектуалкою ХХ століття: трахаєшся і обсуждаєш філософію Просвітництва і Гітлєра, оце жиза, а не отето наше всьо.",1
"176 гавнюков Суууууукааааа, єбать маман мочить, я аж проорав +1 до ахуєнних фраз",1
- А ви хуй у бєлкі бачили?,1
ой корочь дай я прост себе підїбу і всьо,1
"Я вважаю її продажною курвою, яка ганьбить ім'я свого батька.",1
"От блять, коли в пості пісня ніяк не в'яжеться з картинкою, хочеться пиздити.",1
— Потому что ты омерзителен!,1
"Бо це не голос, а піздєц!",1
"Коли навколо відбувається якась хуйня, не стримуйся - ний і рюмсай.",1
"Думаю, вона і без твоєї дохуя експертної думки це зрозуміла, приправа ти",1
"Привіт, сніг, ти що ахуєл, я не готова носити колготи під штани.",1
" так багато мудаків, думай про хороше. :)",1
труба труби трубі трубою про трубу. наша відповідь чемберленові: пизда пизди пизді пиздою про пизду.,1
"от просто унікально-сказачний далбайоб, а не Діма",1
"От же ж блять, а в мене вдома навіть хліба нема...",1
" ага, то всьо ти пафосна сучка=)",1
Хочу слухати vivienne mort і трахатись.,1
"Весь ранок - це піздєц, а ми в ньому ридаємо як сучки.",1
"весна з мене знущається!!! не хоче, щоб я нове пальто вигуляла. весна - ти курва! я все сказала.",1
"А коротко  Хто ідіот, що піздєц",1
який же ти все-таки мудак,1
"Блять, ну як можна бути такими конченими, сука?",1
"з вами засранцями, скоро все атрофується окрім вміння пити і говорити як я вас люблю :)",1
"Ну то ж не можна просто дружити, то треба свій хуй всюди засунути.",1
" ахаха, ну бля :D  Нашо їй моя фотка?",1
"#Добриранок всім, кроми тих, хто ниприїхав в Педоси копати картоплю.",1
"В одній я, в іншій павук, сука.",1
Нє ну 2 хв. на таку кількість замін #судьяуебан,1
Зі сном явно відбувається якась хуйня.,1
"факт. той самий випадок, коли українець мокає мордою руського за помилки в написанні російською. теплота.",1
я так ахуєввала коли вони мене читать починали,1
Повний пиздець це не наукова категорія.,1
"Потім відкоркували, і першим сказаним словом було ""охуєнно"".",1
"Ще раз буде повтор – зроблю все, щоб уйобка а) знищити фінансово і б) посадити під шконку нахуй.",1
випустила в дворі і втікла. а він біг за мною і нявчав. бляха тепер мені сумно дуже.,1
"Робимо ставки панове, на те, скільки разів на цьому тижні мене вз'їбуть на роботі...",1
"Ну блет, хто вам заважає говорити про спорт, камон.",1
Хвостів дохуя - мізків ніхуя.,1
І за яких причин і коли Порошенко срав йому в борщ? http://m.,1
"ну а хулі, реально ж йобаний стид",1
"хочу знову писати статті, але свій шанс я вже благополучно проєбала.",1
" бля, подивися мій останній твіт))))))",1
"Мене так інші баби не люблять, пздц.",1
"Ващє-ващє любий казан, де їх будуть колоти вилами усі, просто тупо всі чорти.",1
"Нарешті блядь, Сколєнія визнана краною агресором.",1
"А враховуючи ще й пучок капілярів, що пнуться від недосипу, у мене на їблі угорський прапор.",1
Зараз таку хуйню в кінці презентації зморозила.,1
"Тоні: *підсригся* Я РОЗМАЖУ УСИКА Усик: ПРІВЄТ ПОСТРИЖИСЯ *нокаут* Тоні: бля, плак плак #UsykBellew",1
"Дістала з рюкзака павербенк, а він весь у якійсь білій хуйні.",1
"- ""возмииии мой сахар косаааааатка"" - бляха, ну чому ж ти одружений?",1
"Але кажуть ''хулі спішиш, коли стільки ше часу''.",1
"Ну єблись Нє гордий, відповість, якщо сам дзвонив Ти спробуй:)",1
"ну ти ж ахуєнний, чьо ти:с один з найкльовіших людей, яких я знаю",1
"бляха, без окулярів жорстко, коли ти сліпий кріт, але тоді людей не бачиш",1
бля а так хотілось голосувати за гєпу,1
"7 балов, а не сьоме місце Ну а хулі) не заходить мені твій Джонні",1
"Однак ти можеш замазати мішки, та не блядські червоні очі.",1
Ну от якого хєра знов на ОЕ потягнуло?,1
Прокинувся з ахуєнним почуттям бажання набухати,1
У демократичних суспільствах мас-медіа називають Четвертою владою І тут інститут громадського суспільства обісрався.,1
Зогляду на стрімко скурвившийся нароТньій хронт мені навіть сказати ніц нема.,1
"я можу то робити, у мене в біо написано ""мудак""",1
"- Та ніяк, залишайтесь в жопі.",1
"Оновлений запис ""Схиблених"" Кораллів - хєрня якась (",1
"з середи температура скаче 37/38.5 сьогодні лікарка сказала,що у мене бронхіт,а в неділю екзамен з ранньомодерної що блять?",1
"Що власне тут блядь не зрозуміло, у цій реакції?",1
"Блядь, як же ж це все бісить нереально",1
а я вже не можу читати цю грьобану сімейку Форсайтів.,1
"Дізнатись це, а також як ним користуватись і яких сучок різати ти зможеш в нашому...",1
"Чого б просто вже не забити хуй, кінець-кінців.",1
"А якщо не буду то я якесь хуйло, якось так.",1
"#Imaginaerum дуже цікавий альбом, дещо божевільний з краплинкою веселої їбанутості.",1
"Мій настрій зараз добре характеризує відома фраза: пойду домой в жопу, поставлю чайник в пизду и лягу спать нахуй.",1
"Вони будуть ""стєбать"" і ""кєкать"" не важливо над чим і ким, бо вони буцімто будуть апріорі кращі (ніхуя).",1
Настрій: єбашить все в блістящім піджаку,1
"З одної сторони це дуже класно, а з іншої ну бляяядь (с)голос в моїй голові",1
"трохи шкода, що Умберто Еко вже не напише роман про пригоди італійського дурачка-кондотьєра серед луганських кіноцефалів",1
"Не «тобі пиздець», але все-одно погрозливо.",1
"я: *гортаю інсту* я: *бачу носочкі* я: о, лайк я: бля, тобі подарили 6 пар носків, вгомонися",1
"Зільоную бабущька & дєдущька підарувалі як підарунак підароті, вочевидь",1
"І щодо гри, і щодо ""так, мене трахав хлопець, мені в кайф і не раз, але я цілковитий гетро"".",1
"От не люблю великі компанії, бо полюбому знайдеться людина, яка буде вийобуватись",1
один з найбільш відморожених українців Андрій Іллєнко зовсім знахабнів.,1
"Кому нахуй здався айфон і бугатті, коли перше - хуйня, а друге - зовсім не для укр. доріг.",1
"Люди - мудаки,  але  треба  ставитись до цього простіше",1
"бігом, а то по сраці дам!",1
кек сложно вам на мене просто завжди похуй було,1
завалила вк список улюблених фільмів в особисту інфу. ого. задротіще,1
"Окєй, ґуґл, який є ввічливий синонім до слова ""від'їбись""?",1
"І у всіх, у всіх блять мені хуйово.",1
"Людина за мене переймається, а я як депресивнв сука поводжуся",1
"Так як мені полюбому піздарікі, я тепер можу натворити ще щось",1
от про хуй абідно,1
Якось воно дохуя важко йде нині :(,1
"- *переслані за 2015 рік* - бля, шоякурила",1
"Один чувак приніс краплі, але шось ніхуя не допомагає.",1
"Господи, якщо ти всемогутній, то нахуя ти створив довбойобів?",1
Ідіть нахуй з вашими брінгами.,1
Нахуя колишній скидає мені пісні в своєму виконанні?,1
"Ранку, сучькі Сьогодні я відкриваю метро))0)",1
"І після всього мудацького життя з коханням без відповіді,  можу любити тепер тільки у відповідь бля.",1
Хочеш жити - вмій вертітись (на хуйці).,1
"сьогодні Лану послухав, завтра підаром став.",1
якийсь підар з радикальної партії і Купрій,1
Вкотре переконуюсь що дружити з бабами то якийсь пздц.,1
Подруга просить піти з нею пробити шини одному гандону на його машині коли буду в Україні.,1
Воо бачиш Не такий вже і хуйовий,1
"Е бля, стапе, я вже їду",1
"Думаєш, шо всі навколо мудаки, а виявляється, шо єдиний мудак тут ти.",1
"Я звалюю, а моя картка лишається в банкоматі в Острозі, блять)))))",1
"То взагалі не їхнє діло, сиди собі мовчки і у віконце на природу дивись, блядь, так нє, доїбаться треба",1
"Жизонька  Друг при знайомстві вважав, що я чсв, а тепер каже, що просто йобнута",1
"Часом просто сидиш і думаєш, шо насправді ти йобаний пень.",1
"Має залишитись тільки один, котрого по принципу крисячого короля випустити там де їбуться в очі істоти подрібніше.",1
"У готелі помилилися, записуючи моє ім'я, і тепер я Валеріна нахуй.",1
" я от також не розумію, чого ти її одразу нахуй не послала.",1
"Блять, якби я не знала де я, подумала б, що мене хочуть виїбати.",1
Як на мене цю версію тре було назвати Apple Pie блядь.,1
З усіх боків їбуть прямо в мозок тирадами про мужадєтєй.,1
"Просто йдіть нахуй, помріть, проваліться крізь землю, розчиніться в повітрі.",1
"Як же хочеться уйобкам вірити в те, що у Пороха є своє ""ольгіно"".",1
"Братковський сам підріла напрімєр, не перший раз з хуйоватими набросіками",1
"Доречі, ще раз нагадаю пиздунцям–кєкальщікам, свідкам вазвєдєнія в абсальут савдєпіі і рєпрєсій влади: відвідайте сонячний Узбекистан.",1
"Нє, ну якщо я не хочу говорити з людиною, то це одразу видно То хулі ти мені продовжуєш писати?",1
"Ааааа, бляяядь, ненавиджу сопливих чоловіків.",1
Послухав от трохи ефір  і почав розуміти поведінку   це ж йобнутись можна цілий день таких далбайобів слухати.,1
"Не знаю хто саме і на що саме наступив жопоблоку, але не голосувавші на цьому фоні Сцювамвочіойрооптиміздиляшківці&вона виглядають виїбаними",1
"То й писали б що пані складає повноваження голови CDU, клікбейтери довбані",1
"Як би сказав Вова ""мене не їбе"".",1
"Кличко, маладесь, вєлапрабег ахуенна тема, давай у вівторок ще раз!",1
Лесь Подервянський - Тож нахуй песимізм!,1
"Просрала 23000-ий твіт, і на що?",1
"За що ше любити бфмв, так це за охуєнні тексти пісень.",1
"А ти щоразу,як я перебільшуватиму,кусай мене,страшне чудовисько,щоб я припинила ;))",1
"Переконаний що це ті самі уйобки, в котрих ""кривавий рєжьім вальцмана"", ""влада крадьот"", ""афшорьі"" & ""мальдівьі"".",1
все времня забуваю шо я погана людина *не реплаїти блять,1
"Дівки, будьте милосердними та трахайте своїх хлопчиків, а то вони потім до мене йдуть, сука.",1
"Якщо хтось знає де є кнопка,яка вимикає наївність, скажіть будь-ласка, бо мене заїбало,що люди постійно мене найобують#naive#life#true",1
"Мені здається, чи, шо б не відбувалось, кожен тиждень все рівно хуйовий?",1
"Та всьо правильно робиш,  ібо нефіг бути такими дурами",1
" щось останнім часом мені занадто часто хочеться тобі реплаїти ""та сама хуйня у мене з жінкою""",1
Давно вже ця хєрня в Грозному?,1
одним словом - пиздець О_о,1
А в мене і на беззвучному хуяре як дурне,1
"Підозрюю, що ось ці # тві збіги - ніхуя не збіги.",1
"В кожного свій смак, але головне, щоб жопа була, бо коли ніякої немає, то її розмір геть не врятує",1
"ну бля, все ж нормально було так якого фіга Олісіті розпадається?!",1
"хотів сказати, що я лох бо мене збила машина.",1
"бережіть коліна, бо лікувальна індустрія повна срака",1
Охуїваю чого я такий довбойоб...,1
Хоч би втерпіти та не з'їбати.,1
"- от в людей є внутрішнє око, а в мене є внутрішній хуй, який я кладу на свої проблеми.",1
"По суті, тут навіть немає позитивного героя Обидва ж мудаки",1
"Усьо, тепер можна офіційно бити морду тим, хто носить.",1
а потім дяді підпихнули хуйців. але лайно лайкають та ретвітять.,1
За те шо я мудак),1
"чувак мене хуїсосили 2 тижні підряд, думаєш я на безобідний твіт ображусь?",1
Можна сто раз виправдовуватися недолюбленістю — рідні дійсно могли бути справжніми паршивцями.,1
"Орел і Решка.Шопінг були в Межигір'ї, купили магніт золотий батон, а туалетний папір з Хуйлом заблюрили.",1
"Я хочу гарненька вже ходити, а не залупенцем в гумачах",1
100% якийсь мудак щось набажав))),1
"Дівчатка, не будьте курвами й киньте мені своїх гарних грудей.",1
"админ сука читер, заебал - проректор КНУ про те, що його випілили з пабліка у вк))",1
"Батьуи вітають з відсутністю стипендії(не сарказм, реально вітають) Шо, бля?",1
"навіть Орландо Блуму не подобається Яценюк ""кроль этот сраный!""",1
"Питання: нахуя нам Медведчук і нахуя йому такі мовні привілеї та повний імунітет, якщо він не дає...",1
ну то чо ти ше не тисячник. курва!,1
Чого життя - суцільна срака?,1
"Але бля, як то смішно - ми пішли в мазох, і вони так реагують на хавку тут :)",1
а то бляха відкриєш собі шось путнє а там дві компіляції п'ять концертних десять іпішок і мільон студійних. біль.,1
А зараз Корчинський вибігає і такий   ЦЕ ЗРАДААААА ТРАТАТАТАТА і всьо в сраку,1
"  хуярять, тому що хуярять.",1
"Мені здається, що коли я доберуся до Європи, я просто охуїю від кількості нормальної їжі",1
"Показала нашому юристу стрьомний хуй, який мені нещодавно прислали.",1
"многа букав "": Знайшов відповідник фразі 'Тебе їбе?'",1
"якби ти не уєбав, цього б не сталося",1
"А ви там шось дієти-хуєти якісь, зали, дурненькі.",1
"Їбать, ""люблю"" ночі без сну.",1
"ЯК ЖЕ Ж Я АРНУВ Прихожу я, значить, додому, а тут така хуйня Ох і шалунішка ж в мене дядя",1
" ой та ну нахуй, думаю ти читала мої твіти за четвер минулий, ото там пиздець був",1
"Кидаєш фото шикарних сісьок @ ""То не твої, не цікаво"".",1
Згадую овердохуя важних людей які мене проміняли,1
"сучка, він був на Флоренс!",1
"звісно не завжди інколи ти підйобуєш, а інколи найобуєш.",1
"То бери стілець і пиздуй у куток, ти покарана)",1
"-Ну бля, тоді вішайся дядь)))) #з_розмов",1
а потім взяти і просто бути ахуєнним.,1
"розумію, але ж цій програмі вже дохуя років у мільйонній степені",1
"А варто наземній сутичці статись – беруть за щоку, як в Чечні.",1
Ти вчора волав як сука на кроваті))),1
"Я був такий чемний в цьому році, що аж самому блювати хочеться.",1
"Слухаю everybody's gotta learn sometimes, фублінжахнулячийнастрій.",1
"Якби  не давало б в жопу за рублі, в 2018 воно було б змі, що я ретвітнув би.",1
" Мдя, розмова вийшла - типовий ""хохлосрач""...",1
Який є вірш про писюн?,1
"мамулєта сказала, що вухо можна пробити, якщо я пострижусь блять, важкий вибір, але я вже вибрав))0)0",1
тому я думаю постійно - звідки ці блять сепедерасти побрались якшо всі мої друзі\приятелі\знайомі нормальні,1
А тим часом сусіди на терасці їбошать барбекю & там вирує життя.,1
"тут нема( Де,бля, вапщє фоточка в сорочці?!",1
Які все-таки мразі все ще зростають в країні. https://m.,1
"блятт, та ви задовбали з тою полігамією. пращяй!",1
"Дівчину маєш?"" - прибив би за цей набір шаблонних",1
"Не маючи за плечима окрім пиздіння & фангрупок та проплачених ""соцдосліджень""/так званих ""змі"" ніц нічого.",1
"це ж яким мудаком треба бути, щоб, коли станеш нормальним, тобі не повірили' ухахахах",1
І не бачиш нічого ахуєнного в жизні,1
То вона часто вийобується багато і ставить не заслужено,1
"Чоловік тоже не чоловік, коли такий, а так, хєр з хєром",1
" Навіть якщо згідно твоєму особистому ""херньометру"" фотка повна херня,все одно лайкнеш?)",1
Коли заїбешся від тупорилості їхніх твітів.,1
"дивлюсь на вивіску магазину ""allshoes"" і читаю ""assholes"".зацікавилась, типу: ""о, мудаків підвезли, треба зайти якось""",1
"Єслі ти в дєтствє не бігав як Нарута, вважай ти лох, проєбав все що будувалося сезонами.",1
"- Відпусти все це - Ти ж знаєш, що я не можу - Ну бля...",1
"Не переживай, людський довбоєбізм і нелогічність вчинків настільки безмежний, що тобі ніколи не буде нудно",1
"Мені б було набагато спокійніше жити, коли б довкола не було йобаних баб.",1
"Метелики у животі вічно працюють проти мене Колись наїмся ядів, щоб вони всі здохли до хуїв собачих",1
"Принаймні у сферах алкоголізму, саморуйнування та піздаболіства я таки досягла вершин.",1
"Цікаво, чи не міг би аваков відізвати свій пісюн із дружини, бо війна війною, а рюкзачки хуйові",1
"Дитина йобнулася ногою на вихідних, а до хірурга без запису можна тільки в день травми.",1
"Блядь, коли фраза ""я не збираюсь з вами розмовляти"" почне діяти?",1
"Охуєнно, приносьте мені все, що вам ще схоже гг, зроблю дослідження",1
"Як можна обсирати Адагамова, коли ще не обісрані Варламов та Носік???",1
"заїбалась!!!!!!!!!!!! кожний тиждень летять драйвера сканеру!!! спочатку допомагає перевстановити, але потім доведеться новий сканер встановлювати!хелп!",1
"проміскуїтет. називайте речі, тобто блядство, своїми іменами)",1
- В Індії на слонах їздять Блядь,1
"виникає питання: шо я, блять, взагалі робила?!",1
Дмитро Ступка в рекламі Амізону бляяяяха,1
"бля, то як ти виглядаєш?",1
"Любиш єбланити, люби і нічку не спати.(с)",1
"Люблю ніхєра не їсти, через те що нудить, а потім нити, що болить шлунок.",1
"Не люблю Київ, але ненавиджу людей які його хейтять",1
"Все, залишилися два листа для наших педиків і можна прибирати.",1
"бля, я на директорській з геометрії тетраедри і чотирикутні перерізи називала HELP",1
"Колядую-колядую, Дайте гроші й я піздую.",1
"Воно було б набагато кращим, якби в нього не було їбучої матки.",1
"Але якось сусіда-аватар переплутав поверхи і сорок хвилин ломився агресивно в двері з криками ""мама, открой, мама блядь!!!"".",1
"Ше б спитав, чи почати, блять, колотися",1
Щоб тебе тим обрадувати А хуй тобі,1
"Та ""блять піздєц"" - це синонім твіттера",1
Настрій писати тріолети про мудаків,1
мо з мудаками будувати стосунки набагато веселіше ;),1
Але я більш за все люблю Кацапів і про митців у вагоні 8)),1
Здається Всесвіт сьогодні вирішив остаточно мене заїбати силами моїх колег.,1
пухнастий мудак) @ Блага Хата,1
"ремонт, ти мене накаляєш. пиздуй звідси",1
"світає, блять,  край неба палає, прям як моя душа.",1
"і не забували на усіх вуглах кричати, што ето Кієв, сука, останні соки пьйот з трудавова коммунарскага тєла!",1
"Забула пропуск до гуртожитку у кімнаті гуртожитку, ну бля, шож таке",1
я думав тебе вжа заїбало писати.  ні.,1
"Якшо дівка пише якісь погрози - вона хоче,шоб ти спіймав її і виїбав.",1
"бляць, де взялись мухи по цей бік москітної сітки? щойно дев'ятеро великих задушила серветкою",1
Хочу якось хлопа смачно тріснути по сраці.,1
"Просто пиздець в якому я загулі, чувачки!",1
"Цікаво, чи існує хоч одна людина, яку не заїбали Субару.",1
"бля, цей жах мені вночі насниться",1
"мої сусіди включили блядську тупу музику, яка перекрикує мою аудіокнигу",1
Дешевих і умовно дешевих сирів жопою жуй в будь якому магазині.,1
"я не перестану бухати, якщо мене трахатимуть",1
"я намагаюся поспати перед початком роботи, але шось ніхуя",1
" хуй уже скоро буде, на щастя",1
після вживання слова пиздити мене відфоловило двійко. якась грьобана інтілігєнція певно.,1
"там дисплей, nfc-чіп, fm-радіо і інша хуїта",1
"Л: Блять, Женя зараз кончить Я: Ти ще скажи, що Ранетки не дивився Л: Ні Я: ВИБЛЯДОК Ж: кончив...",1
"Е блять, що ви всі фотки стали випрошувати?",1
"Я обожнюю свою роботу, але бляха, перші 3 тижні найважчі.",1
Бляя він тупо зривається з криком і валить включати....саундтрек до фільму Недоторканні.,1
"ну блять, тепер теж захотілось",1
"Трамп взагалі політику Путіна підтримує, тому пздц",1
ваша борчиня з продукцією країни-агресора - надя глушкова  надя глушкова - а ну постав назад цю банку блядської естель,1
"Самі ніхуя не вчать, а потім на все готовєнькоє",1
"Розриваюся між ""Ви що, їбануті?"" та ""В смислє блять, ви що, їбануті?"".",1
"Чорт забирай, я такий єбланчик.",1
"Привіт, як ти?.. від творців ""та пішла вона на хуй, ніколи їй більше не писатиму!""",1
"Правило 34: ти можеш 34 довбитись в сраку, і не будеш геєм.",1
Наша національна ідея: доїбіться до нас,1
"Люди, ну ви що, їбонулись?",1
#sexy_monday У нас буде свій сексі мандей з мужиками й без шльондр.,1
і такі дебіли недавно зарізали знайомого на вулиці( мразота,1
Підійди тихесенько Обійми за талію І в'їби об дерево Зураба Асланію,1
"ти тупіший ніж я думав, русня. терористи і вбивці в Сирії тільки ви одні – русняві, що бомблять лікарні.",1
"Зліва виглядає жопка моршрудки ""Богдан"" це що б ви розуміли розміри.",1
"Ну як я розумію,блядь - це розпустна дівиця...в результаті тепер навіть дітвора шестирічна блядькає і використовує це як якийсь матюк...",1
Памятаєте якось у нас в #SmallTalk спиздили кондиціонер?,1
"проституція і фінансові схеми 15-річних, бля",1
Життя дає багато можливостей і по їбалу.,1
ну блятт шо я зроблю,1
"А про Крим і міжкультурні зв'язки з рос аудиторією — та, це дійсно жопа.",1
?! а це що за нахер?,1
"А я думав, білоруський рубль в сраці.",1
я ніколи не писав погроз. але опускатись до рівня гівна не можу. спина не гнеться.,1
"Тепер є завгроза, шо вийде з биригів ставок за Першою Бригадою, в який корови, гуси і Андрій Сопля бизбожно сруть!!!",1
"Та я поняла, Леся Українка, професор Пономарів і Оксана Забужко - неграмотні дураки, на відміну від вас, хулі.",1
" звідки ти знаєш, бля?",1
Я приїду роз'їбу тобі серце й легені.,1
"98%-це твоє ""на хуй"" ""підор"" і тд.",1
"Коли кінчаться ці єбані переди настрою, не прикольно ващє",1
"Проспати добу, місяць, рік нахуй.",1
"Хочу малювати, але руки з жопи.",1
"Дивитися на моє їбло вам протипоказано, тому дивіться на мою гриву.",1
Лише на співвідношення адекватів і мудаків.,1
"  Віра теж людина, вона теж хочу потрахушок.",1
"мило цвіринчить з руснею піддакуючи і заглядаючи до рота. малороси їбані сука. ні честі, ні гідності. бляді.",1
розказую татові історію про сусідів. тато: ну ти і лохина.,1
" я шо, долбайоб чи шо?))",1
охблять відчуваю відгребу в понеділок а це ж навіть сьогодні.,1
Спизжений і перекладений твіт: полайкали друг і однокласниця,1
"ну а хулі, кста, твої не пробував)  Бо на вигляд гарні)",1
Що свідчить - більшості людей твоя майстерність похуй.,1
настрій: 4 роки сука без кобзона,1
Бо кому всрались ті наші антикурвапціоньєри чи пара трійко співробітників навіть не сильно дрібних з їх боку?,1
"Хотів зробити для вас інтерактів, але алкоголь сказав ""нахуй всьо"".",1
"Найдешевші автобуси їдуть не платними дорогами, а це до усрачки довго.",1
Знову мені більш налив  - ти шо йобнута?,1
" я визначилась, але все рівно займаюсь хуйньою",1
"І у СБУ теж є почуття гумору, сука блять",1
Я вибрав відпиздити тебе ломом.,1
Ахахахха Сука Бо я ахуєнний?,1
Тим часом хуєсос  пояснив вже широкому загалу за свій антикурвапційний будинок?,1
"Конкретної інфи й пояснень чому все хуйово, я не бачу, а отже то чисто загон",1
"Знайшла акаунт дівчини, в якої субару BRZ, і все, що вона робить, - це викладає її фото та вийобується.",1
"Ой, кожна школа єбанута по-своєму) це вже третя моя, я знаю, що кажу))",1
Коли ідеш чистити йобла грьобаним спермобакам,1
"А якщо ви позиціонуєте себе як бьюті гуру і кажете «кремА», пиздіти вас треба словником по голові.",1
"Вчора я не змогла придумати жарт про хуй, а сьогодні ніяк не спадає на думку жарт про смерть.",1
"Може б то стати ексгібіціоністом, шоб усі звертали увагу не на твоє стрьомне їбало",1
"Чувак попросив сигарету, я йому сказав, що хуйове виглядаю не тому що курю.",1
"Хочеться лозинами пиздити тих, хто говорить ""оплОчен"".",1
"а це все вже належить до пункту ""чи не мудак"" ))",1
"В один прекрасний момент всі стали нев'єбенними патріотами, але от багато хто, на жаль, не перестав бути мудаком",1
"Ти не тупа, просто трихи лох)",1
Просто якщо без мене - значить точно на блядки.,1
"Тікі шо задумалась про те, на скільки ж я єбануте.",1
в моїй системі координат банальна хуйня - ще гірше ніж похабство,1
"бля, в моїй школі деякі шестикласниці виглядають старшими за мене а я, між іншим, вже завтра стану студенткою",1
"Та типу так Тому я просто мовчу, бо мене зайобують оті упрьоки",1
"Ну всьо, я усвідомила свою суперсилу, піздєц Масквє!",1
"Ну бля, тим тільки гірше роблять Я розумію, чого вони то роблять Но бісить ужасно",1
я принципово не ретвічу гівна про ліфт & зашквареного підора.,1
"Таки не спизділа, коли додавала пункт ""Хуярю навіть буха"" до резюме.",1
Я з часом на таких хуй забиваю Бо рілу зайобує,1
я хочу його витратити на алкоголь і блядство,1
"Хабаровсько-козятинське ""понаєхало"" не знає слова ""Київського вальсу"".",1
"  Ти знаєш, що я про тебе думаю, говнолюдін.",1
"#spoileralert 5 серія проповєдніка настільки повна хуйових жизнєнних сцен, шо піздєйшн просто.",1
"Мені так хуйово, що я мабуть зроблю те, що фактично ніколи не роблю - викличу лікаря додому.",1
"А Марцинків... ех, таке хороше місто проїбали.",1
"Сока, хулі ж так сложна.",1
"Ну, тіпа, коли мене тактічно морозять, я цього не вмію вчасно просікти і не зайобувати людину своєю присутністю.",1
з іншого боку - не було би приводу засрати вам півстрічки зрання. всім анфоловившим промінчики свистухи навздогін.,1
"В моєму домі кажуть ""сука блять, знову в цьому сраному магазі нема одягу на моє маленьке непропорційне тіло""",1
"Єбат, малий біля мене кубика Рубика склав.",1
Наїбошитись коктейлів & грати в шахи в Парку Шевченко на гроші.,1
я сука до тебе прийду зараз,1
глисти в сраках наївних перфекціоністів,1
"Сєрьожа, твоя кар'єра накрилась пиздою в прямому сенсі того слова.",1
"Дякую вам, Боги Залізниці за цих двох їбанутих жіночок в моєму потязі і їхніх дітей.",1
Лещєнко & рахунки з ресторану  Лещєнко & ліпецькі ґвалтівники журналістів  Лещєнко & охуїтєльні історії,1
"Окно возможностєй – це коли люмпеноту в жопу їбуть, так.",1
"от майже завжди правда, або трахаються або бухають разом!",1
Ух і морда в того Шарікова ніби його насильно споювали в полоні,1
"ще вірш на завтра учіть,ух ти ж бля",1
"Дуже коротка йобана фраза, чи не так?",1
Захожу в кімнату - всі як на підбір няши блондини з голубими очима.,1
"все те саме, як по-нотам зараз проруснява люмпенота на пару з медіаблядотою та антикурвапціоньєрами зараз тягнуть про Пороха.",1
А в тебе від природи жопа така булочка?,1
"Слухай свій розум, бо твоє серце тупе як хуй зна шо.",1
Я хочу їсти шо піздєц.,1
": почему одни живут в сказке, а другие – в жопе -	0.99
Не проїбіть там без мене ГД	0.99
бля, вийшов новий випуск щура. треба бігом зварить варенничків.	0.99
Просто віддайте мені диплом, я заїбалась.	0.99
Як же я вже заїбалася знаходитись в цьому домі.	0.99
Невже блядь, він думає, шо після цієї фрази, хтось має йому до ліжка стрибати??	0.99
Коли вже якась паскуда напише з мене картину?	0.99
- я більше не пью - хуйочек - капєєєц #з_розмов	0.99
бляха оце лол В мене пара 3 з нею має бути	0.99
Ти як кіногерой нуарного детективу, охуїнно	0.99
Уявляю, як ті, хто використовує сотню смайлів у кожному реченні, кривлять їбало при розмові вживу.	0.99
#np  esthetic education-crucify  Ще б placebo врубили,підри	0.99
Щоб добре виходити на фотках, треба всього лиш не бути уйобіщем.	0.99
«ти тепер завжди ходиш в чорному, щоб показати, що ти порожня бляшанка?»	0.99
А щоб ви розуміли, як в нас тут ахуєнно на #AtlasWeekend з #оторвальд , бо #нашілюдивсюди	0.99
Загалом ніби ніхто не мудак, якщо розібратися.	0.99
І здається, всі, хто тут радив цей грьобаний xiaomi почали на нього жалітися.	0.99
Офіціант, у мене в житті піздєц, блять.	0.99
Коли мені, курчамать, кажуть не все в нацистському режимі було погане"", я зразу хочу дати в морду.",1
"Це ж подарунок нам на нр, хуль",1
"Згадала, що маю незакритий гештальт - ахуєнний червоний фешн піджак.",1
"Я до того, як ти блять це написав.",1
/  / Там треба ахуїтільну ла..,1
"І я такий, єбать я дібіл, що дозволив собі хвилинну слабкість.",1
"Піздєц, міг би й відповісти спочатку, мразь невихована.",1
В моїй сраці світу електруха - то як Ісус)),1
"Перше, що пролунало в голові:  - Сукес, это твоя рука? - нет - бля...",1
"Бо якийсь підор від маркетингу сказав, що египтяни люблять отето діло)",1
"Приїхав у Вінницю, думав одразу шось сфоткати гарне, а тут крім ""ніхуя"" нічого нема",1
"В новинах ТСН посилається на антікор, це пизда хлопці",1
і що цікаво (насправді ні) його за це хуєсосять як українці так і свинособаки.,1
"Бля, ну не чіпайте Схід, засранці.",1
"Коли ніхуя не спав, а тобі на роботу о 8-й.",1
" Нажаль, дуже розповсюджене у росіян явище - в кожному укр.слові бачити расизм, нацизм і срач.",1
"-трахатись з трьома неграми можна, а в'язати нє. бо свято.",1
"Я роблю журавлики і рву їх  А ще пишу ЦИМ ГРЬОБАНИМ ШРИФТОМ і злюся на себе, а не на інших",1
"Тому що після пляшки рому, котрою я їх зустріну, похуй стає на все, крім подушки з ковдрою.",1
"А то все така хуйня одна, що капец.",1
"- шо, сніг, да? сніг, нарешті сніг?  - нє, сукадощ.",1
Я їбанув за Гусовського незважаючи на борди Берези і соціологію і надіюсь на друге місце,1
в пизді така зима то є то нема давайте вже весну заєбали,1
"Можна, будь ласка,поміняти ім’я на «Х У Й»?",1
Життя як моя головна мудила.,1
"Будеш всім казати, шо я мразотіна.",1
Методист ахуєнна женщіна  От просто шикарна,1
"Я просто досі охуїваю з того, кого доля приводить у моє життя.",1
"Не знаю, як щодо інших талантів, але заїбати за пару хвилин я вмію вправно.",1
"бля...я лише з четвертого разу прочитала правильно,а то все ""раскурить"" :)",1
Я попереджав  буде писати хуйню - відфоловлю.,1
"А ви не знаєте, що за підарський звичай писати твіти одночасно українською & свинособачою?",1
"А дойобуватися до людини в інтернеті через те, що тебе навіть не стосується, - не тупість?",1
"Тааа блять, всііі давайте повиставляйте фото того затемнення в інстаграм, ніхто ж не бачив.",1
"бляха, це вдруге тобі з ними на фестах не щастить, треба їхати на сольник",1
Бо 700 гривень – то мажорно пездетс,1
"Сука, я настільки рукожоп, шо тепер в мене канапка із сиром і власною кров'ю.",1
"Підар  десакралізував Щевченка і Бандеру (с)  це, мабуть, найкраща феєрична хрєнь яку я читала цього тижня.",1
"Шукаю мужика, котрому хуяритиму їсти.",1
"Как же ахуєнно реплаїти безсмислєнну хуйню, дайте оскара цьому акку",1
"то??як же той чувак, який в твоєму класі говном був? тіпа агресія залишається?",1
"бля, да це капєц) я на роботу болт кладу, на все , а їду у Львііів, бо не можу...)",1
Досить цих принижень і дискримінації за відсутністю фоток їбла!,1
"*не блядькай, бо зараз сам мазатимеш собі бутерброди з маслом",1
"Бо гандони Валік забрала, не давши Глібу приміряти",1
"Але ж бля, я ж не груша, яка жде, шоб її пнули.",1
Вот і на хуй їх,1
"вона вже багато напизділа, не переживай",1
"Нахуя мені стікери в телеграмі, все, що я там шлю іншим - це матюки.",1
- хочу вишневого чаю. - хочу потрахатись. - ... - в мене є вишневий чай))0)0,1
Красиві їбунці - шукали на моєму бложику,1
"подзвонили дівчата зі старої роботи, сказли шо мій тві прочитують екс-шефи...нахера?",1
Це пізда -__- (@ Львівський університет ім.,1
"Колись Левко Дурко, співаючи пісню Лице, як тріснуте яйце, показував пальцем на мене.",1
Під Карпу їбошу з Крижановки в центр,1
"До цього я думала, що я піздєц яка гарна.",1
Кого уєбуть в першому ж мошпіті бо нєхуй вийобуватись в чужому селі)0)0)0),1
Бабський закон №1834: намалювала охуєнні стрілки - нікуди не треба йти.,1
Це все наслідки їбучого патріархату!,1
"Не знаю нахуя я поступав на того економіста, якщо в мені живе і бушує архітектор",1
"То,блядь,не статуя євросоюзу,то Божа Матір!",1
"ахах, бля І чо ти не мужик? :(",1
"Ущербним дегенератам в голову прийти не може, що цивілізованому світу подібне у найстрашнішому сні не насниться.",1
"Особливо, коли другий ти це Тесла і ви пиздите про перемінний струм і винайдення віфі. мммммм.",1
"Тварини не пиздять, не кричать, дають виспатися, не потребують уваги 24/7...",1
"Пропонували в Нацгвардію, навіть не відпиздили.",1
" страшенно недолуга стаття, а Дроздов ще той пиздюк...",1
можу тільки послати когось нп хуй.,1
Чому ти суко не відмітила звідки ті охуєнні тапці?!,1
"Найбільше уваги слід приділяти тим, хто терпить, коли ви їх зайобуєте, і не злиться на ваш поганий настрій.",1
"Я люблю свого кота, но коли то чмо ходить по моєму ноуті, я хочу,блять, його каструвати.",1
"Здрастє, інтуїтивно знаю більше за цих шарлатанів (тому мені вони нахрін допомогти не можуть), тому чому це не підійду?",1
"– ізвінітє за апазданіє, в Кієвє ужас что тваріца  – це що було ЯндексТаксі? – е.. да – пішов нахуй",1
" я потребую потяга в Ригу, але всім похуй.",1
Ну але яка тоді в сраку свобода вибору?,1
"По-друге, поливати гівном колег по цеху — це не конкуренція, це просто мудацтво :)",1
"Той момент, коли намутив всякої хуйні і сидиш її розгрібаєш",1
"Третій, сука, раз проходжу седативну терапію, а почуваюсь, як перед першою",1
"я не знаю, що вони там скандують, але на плакатах якась ""хуита"" :<",1
"бля, шось в сусіда туса не пішла і він вернувся додому. сварачую лавочку(((((999",1
Несіть мені усі по три рубля і мудрості вам дам я дохуя.,1
бля( я думала приїду в Київ і ще встигну щось норм знайти,1
Гаррі Поттер і різна цікава хуйня.,1
На пєйсбуці так само годують гівном?,1
"  я вчора ці мультики руснявій свинособаці Кашину показував, на його гівноїдство, што руснявих на Дамбасє нєт.",1
